Environment variables with visibility "Plain text" and "Sensitive" loaded from the "production" environment on EAS: EXPO_PUBLIC_GOOGLE_IOS_CLIENT_ID, EXPO_PUBLIC_GOOGLE_IOS_URL_SCHEME, EXPO_PUBLIC_GOOGLE_PLACES_API_KEY, EXPO_PUBLIC_GOOGLE_WEB_CLIENT_ID, EXPO_PUBLIC_SUPABASE_ANON_KEY, EXPO_PUBLIC_SUPABASE_URL, GOOGLE_MAPS_IOS_API_KEY.

- Incrementing buildNumber from [1m213[22m to [1m214[22m.
[32m✔[39m Incremented buildNumber from [1m213[22m to [1m214[22m.
[32m[32m✔[39m[32m[39m Using remote iOS credentials [2m(Expo server)[22m

[33mDistribution Certificate is not validated for non-interactive builds.[39m
Using App Store Connect API Key from EAS credentials service.
- Fetching Apple provisioning profiles
[32m✔[39m Fetched Apple provisioning profiles

[36m[1mProject Credentials Configuration[22m[39m

[36m[1mProject                 [22m[39m  @hdtk/triplot
[36m[1mBundle Identifier       [22m[39m  app.triplot.mobile
[36m[1m                        [22m[39m  
[36m[1mApp Store Configuration [22m[39m  
[36m[1m                        [22m[39m  
[36m[1mDistribution Certificate[22m[39m  
[36m[1mSerial Number           [22m[39m  8FA5613F96EFED7F4D5639F4866859A
[36m[1mExpiration Date         [22m[39m  Sun, 11 Jul 2027 09:42:45 GMT+0900
[36m[1mApple Team              [22m[39m  D37LHZNVW3 (Hidetake Sasaki (Individual))
[36m[1mUpdated                 [22m[39m  2 months ago
[36m[1m                        [22m[39m  
[36m[1mProvisioning Profile    [22m[39m  
[36m[1mDeveloper Portal ID     [22m[39m  LAXU493QYH
[36m[1mStatus                  [22m[39m  active
[36m[1mExpiration              [22m[39m  Sun, 11 Jul 2027 09:42:45 GMT+0900
[36m[1mApple Team              [22m[39m  D37LHZNVW3 (Hidetake Sasaki (Individual))
[36m[1mUpdated                 [22m[39m  24 days ago
[36m[1m                        [22m[39m  
[32mAll credentials are ready to build [1m@hdtk/triplot (app.triplot.mobile)[22m[39m

- Computing project fingerprint
[32m✔[39m Computed project fingerprint
[SETUP_WORKINGDIR] Preparing workingdir /var/folders/p9/98ld1dhj4szctyjcfk4s3khh0000gn/T/eas-build-local-nodejs/05259402-59fe-4257-ba62-2b703e4f9a92
[START_BUILD] Starting build
[90m  "job": {[39m
[90m    "type": "managed",[39m
[90m    "platform": "ios",[39m
[90m    "projectArchive": {[39m
[90m      "type": "PATH",[39m
[90m      "path": "/var/folders/p9/98ld1dhj4szctyjcfk4s3khh0000gn/T/eas-cli-nodejs/645d2a8a-0e7d-47b8-90c1-62b44dd6090f.tar.gz"[39m
[90m    },[39m
[90m    "projectRootDirectory": "apps/mobile",[39m
[90m    "builderEnvironment": {[39m
[90m      "env": {}[39m
[90m    },[39m
[90m    "cache": {[39m
[90m      "disabled": false,[39m
[90m      "paths": [],[39m
[90m      "clear": false[39m
[90m    },[39m
[90m    "updates": {},[39m
[90m    "scheme": "triplot",[39m
[90m    "environment": "production",[39m
[90m    "username": "hdtk",[39m
[90m    "version": {[39m
[90m      "buildNumber": "214"[39m
[90m    },[39m
[90m    "experimental": {},[39m
[90m    "mode": "build",[39m
[90m    "triggeredBy": "EAS_CLI",[39m
[90m    "appId": "9fc880e2-573b-49e9-8279-01418e9c665a",[39m
[90m    "initiatingUserId": "f6e40de7-e6ea-407f-b92b-23cda4016609"[39m
[90m  }[39m
Local build, skipping project archive refresh
[PREPARE_PROJECT] Normalizing project source permissions
[READ_EAS_JSON] Using eas.json:
[READ_EAS_JSON] {
  "cli": {
    "version": ">= 20.0.0",
    "appVersionSource": "remote"
  },
  "build": {
    "development": {
      "developmentClient": true,
      "distribution": "internal",
      "environment": "development"
    },
    "preview": {
      "distribution": "internal",
      "environment": "preview",
      "autoIncrement": true,
      "env": {
        "APP_VARIANT": "staging"
      }
    },
    "production": {
      "autoIncrement": true,
      "environment": "production"
    }
  },
  "submit": {
    "production": {
      "ios": {
        "ascAppId": "6789780552"
      }
    }
  }
}

[READ_PACKAGE_JSON] Using package.json:
[READ_PACKAGE_JSON] {
  "name": "@triplot/mobile",
  "main": "expo-router/entry",
  "version": "0.1.0",
  "dependencies": {
    "@react-native-async-storage/async-storage": "2.2.0",
    "@react-native-community/datetimepicker": "9.1.0",
    "@react-native-google-signin/google-signin": "^16.1.2",
    "@supabase/supabase-js": "^2.105.1",
    "@tanstack/react-query": "^5.101.2",
    "@triplot/shared": "*",
    "expo": "~57.0.9",
    "expo-apple-authentication": "~57.0.1",
    "expo-application": "~57.0.2",
    "expo-build-properties": "~57.0.8",
    "expo-clipboard": "~57.0.1",
    "expo-constants": "~57.0.8",
    "expo-crypto": "~57.0.1",
    "expo-dev-client": "~57.0.10",
    "expo-file-system": "~57.0.0",
    "expo-font": "~57.0.0",
    "expo-glass-effect": "~57.0.1",
    "expo-haptics": "~57.0.1",
    "expo-image-manipulator": "~57.0.7",
    "expo-image-picker": "~57.0.7",
    "expo-linking": "~57.0.4",
    "expo-localization": "~57.0.1",
    "expo-location": "~57.0.7",
    "expo-router": "~57.0.9",
    "expo-splash-screen": "~57.0.5",
    "expo-status-bar": "~57.0.1",
    "expo-system-ui": "~57.0.2",
    "react": "19.2.3",
    "react-native": "0.86.2",
    "react-native-gesture-handler": "~2.32.0",
    "react-native-maps": "1.27.2",
    "react-native-reanimated": "4.5.1",
    "react-native-safe-area-context": "~5.7.0",
    "react-native-screens": "~4.26.0",
    "react-native-svg": "15.15.4",
    "react-native-worklets": "0.10.1",
    "use-intl": "^4.6.1"
  },
  "devDependencies": {
    "@types/react": "~19.2.2",
    "eslint-config-expo": "~57.0.1",
    "typescript": "~6.0.3"
  },
  "scripts": {
    "start": "expo start",
    "ios": "expo run:ios",
    "lint": "expo lint",
    "typecheck": "tsc --noEmit"
  },
  "private": true
}
[INSTALL_DEPENDENCIES] We detected that 'apps/mobile' is a npm workspace
[INSTALL_DEPENDENCIES] Running "npm ci --include=dev" in /var/folders/p9/98ld1dhj4szctyjcfk4s3khh0000gn/T/eas-build-local-nodejs/05259402-59fe-4257-ba62-2b703e4f9a92/build directory
[INSTALL_DEPENDENCIES] [31mnpm warn deprecated uuid@7.0.3: uuid@10 and below is no longer supported.  For ESM codebases, update to uuid@latest.  For CommonJS codebases, use uuid@11 (but be aware this version will likely be deprecated in 2028).[39m
[INSTALL_DEPENDENCIES] > triplot@0.1.0 postinstall
[INSTALL_DEPENDENCIES] > node scripts/apply-patches.mjs
[INSTALL_DEPENDENCIES] [1mpatch-package[22m 8.0.1
[INSTALL_DEPENDENCIES] Applying patches...
[INSTALL_DEPENDENCIES] [1m@expo/ui[22m@57.0.8 [32m✔[39m
[INSTALL_DEPENDENCIES] [1mexpo-modules-jsi[22m@57.0.4 [32m✔[39m
[INSTALL_DEPENDENCIES] > triplot@0.1.0 prepare
[INSTALL_DEPENDENCIES] > husky || true
[INSTALL_DEPENDENCIES] added 1537 packages, and audited 1541 packages in 12s
[INSTALL_DEPENDENCIES] 343 packages are looking for funding
[INSTALL_DEPENDENCIES]   run `npm fund` for details
[INSTALL_DEPENDENCIES] 38 vulnerabilities (22 moderate, 15 high, 1 critical)
[INSTALL_DEPENDENCIES] 
[INSTALL_DEPENDENCIES] To address issues that do not require attention, run:
[INSTALL_DEPENDENCIES]   npm audit fix
[INSTALL_DEPENDENCIES] 
[INSTALL_DEPENDENCIES] To address all issues (including breaking changes), run:
[INSTALL_DEPENDENCIES]   npm audit fix --force
[INSTALL_DEPENDENCIES] 
[INSTALL_DEPENDENCIES] Run `npm audit` for details.
[31mThe NODE_ENV environment variable is required but was not specified. Ensure the project is bundled with Expo CLI or NODE_ENV is set.[39m
[31mProceeding without mode-specific .env[39m
[READ_APP_CONFIG] Using app configuration:
[READ_APP_CONFIG] {
  "name": "triplot",
  "slug": "triplot",
  "version": "0.1.0",
  "orientation": "portrait",
  "icon": "./assets/images/icon.png",
  "scheme": "triplot",
  "userInterfaceStyle": "automatic",
  "ios": {
    "bundleIdentifier": "app.triplot.mobile",
    "supportsTablet": false,
    "usesAppleSignIn": true,
    "appleTeamId": "D37LHZNVW3",
    "associatedDomains": [
      "applinks:triplot.app"
    ],
    "infoPlist": {
      "ITSAppUsesNonExemptEncryption": false,
      "CFBundleAllowMixedLocalizations": true,
      "CFBundleLocalizations": [
        "ja",
        "en"
      ],
      "CFBundleDevelopmentRegion": "ja"
    }
  },
  "android": {
    "package": "app.triplot.mobile",
    "adaptiveIcon": {
      "backgroundColor": "#E6F4FE",
      "foregroundImage": "./assets/images/android-icon-foreground.png",
      "backgroundImage": "./assets/images/android-icon-background.png",
      "monochromeImage": "./assets/images/android-icon-monochrome.png"
    },
    "permissions": [
      "android.permission.ACCESS_COARSE_LOCATION",
      "android.permission.ACCESS_FINE_LOCATION"
    ]
  },
  "plugins": [
    "expo-router",
    "expo-localization",
    "expo-apple-authentication",
    [
      "expo-image-picker",
      {
        "photosPermission": "アバターに設定する写真を選ぶために使用します。",
        "cameraPermission": false,
        "microphonePermission": false
      }
    ],
    [
      "react-native-maps",
      {
        "iosGoogleMapsApiKey": "AIzaSyDZHwnOoYi-Sh07l9HzhrIqx5I2kZ1G8yg"
      }
    ],
    [
      "expo-build-properties",
      {
        "ios": {
          "extraPods": [
            {
              "name": "GoogleUtilities",
              "modular_headers": true
            },
            {
              "name": "RecaptchaInterop",
              "modular_headers": true
            }
          ]
        }
      }
    ],
    [
      "@react-native-google-signin/google-signin",
      {
        "iosUrlScheme": "com.googleusercontent.apps.935163799144-346pv1m033ia17v5fn73pk1fnjjusiem"
      }
    ],
    [
      "expo-splash-screen",
      {
        "backgroundColor": "#ffffff",
        "image": "./assets/images/splash-icon.png",
        "imageWidth": 76,
        "dark": {
          "backgroundColor": "#0a0a0a",
          "image": "./assets/images/splash-icon-dark.png"
        }
      }
    ],
    [
      "expo-location",
      {
        "locationWhenInUsePermission": "地図に現在地を表示するために使用します。"
      }
    ]
  ],
  "experiments": {
    "typedRoutes": true,
    "reactCompiler": true
  },
  "owner": "hdtk",
  "extra": {
    "eas": {
      "projectId": "9fc880e2-573b-49e9-8279-01418e9c665a"
    },
    "router": {}
  },
  "sdkVersion": "57.0.0",
  "platforms": [
    "ios",
    "android",
    "web"
  ]
}
[RUN_EXPO_DOCTOR] Running "expo doctor"
[RUN_EXPO_DOCTOR] Running 21 checks on your project...
[RUN_EXPO_DOCTOR] [31m19/21 checks passed. 2 checks failed. Possible issues detected:[39m
[RUN_EXPO_DOCTOR] Use the --verbose flag to see more details about passed checks.
[RUN_EXPO_DOCTOR] 
[RUN_EXPO_DOCTOR] [31m✖ Check that no duplicate dependencies are installed[39m
[RUN_EXPO_DOCTOR] [33mYour project contains duplicate native module dependencies, which should be de-duplicated.[39m
[RUN_EXPO_DOCTOR] [33mNative builds may only contain one version of any given native module, and having multiple versions of a single Native module installed may lead to unexpected build errors.[39m
[RUN_EXPO_DOCTOR] [33mFound duplicates for react-native:[39m
[RUN_EXPO_DOCTOR] [33m  ├─ react-native@0.86.2 (at: node_modules/react-native)[39m
[RUN_EXPO_DOCTOR] [33m  └─ react-native@0.86.0 (at: ../../node_modules/react-native)[39m
[RUN_EXPO_DOCTOR] [33mFound duplicates for react-native-reanimated:[39m
[RUN_EXPO_DOCTOR] [33m  ├─ react-native-reanimated@4.5.1 (at: node_modules/react-native-reanimated)[39m
[RUN_EXPO_DOCTOR] [33m  └─ react-native-reanimated@4.5.0 (at: ../../node_modules/react-native-reanimated)[39m
[RUN_EXPO_DOCTOR] [33mFound duplicates for react-native-worklets:[39m
[RUN_EXPO_DOCTOR] [33m  ├─ react-native-worklets@0.10.1 (at: node_modules/react-native-worklets)[39m
[RUN_EXPO_DOCTOR] [33m  └─ react-native-worklets@0.10.0 (at: ../../node_modules/react-native-worklets)[39m
[RUN_EXPO_DOCTOR] [32mAdvice:[39m
[RUN_EXPO_DOCTOR] [32mResolve your dependency issues and deduplicate your dependencies. Learn more: [4mhttps://expo.fyi/resolving-dependency-issues[24m[39m
[RUN_EXPO_DOCTOR] 
[RUN_EXPO_DOCTOR] [31m✖ Check that packages match versions required by installed Expo SDK[39m
[RUN_EXPO_DOCTOR] [33m[39m
[RUN_EXPO_DOCTOR] [33m[1m[33m🔧 Patch version mismatches[39m[33m[22m[39m
[RUN_EXPO_DOCTOR] [33mpackage                 expected  found    [39m
[RUN_EXPO_DOCTOR] [33mexpo                    [32m~57.0.21  [39m[33m[31m57.0.9   [39m[33m[39m
[RUN_EXPO_DOCTOR] [33mexpo-build-properties   [32m~57.0.17  [39m[33m[31m57.0.8   [39m[33m[39m
[RUN_EXPO_DOCTOR] [33mexpo-constants          [32m~57.0.17  [39m[33m[31m57.0.8   [39m[33m[39m
[RUN_EXPO_DOCTOR] [33mexpo-crypto             [32m~57.0.2   [39m[33m[31m57.0.1   [39m[33m[39m
[RUN_EXPO_DOCTOR] [33mexpo-dev-client         [32m~57.0.18  [39m[33m[31m57.0.10  [39m[33m[39m
[RUN_EXPO_DOCTOR] [33mexpo-file-system        [32m~57.0.6   [39m[33m[31m57.0.1   [39m[33m[39m
[RUN_EXPO_DOCTOR] [33mexpo-font               [32m~57.0.3   [39m[33m[31m57.0.1   [39m[33m[39m
[RUN_EXPO_DOCTOR] [33mexpo-glass-effect       [32m~57.0.2   [39m[33m[31m57.0.1   [39m[33m[39m
[RUN_EXPO_DOCTOR] [33mexpo-haptics            [32m~57.0.2   [39m[33m[31m57.0.1   [39m[33m[39m
[RUN_EXPO_DOCTOR] [33mexpo-image-manipulator  [32m~57.0.16  [39m[33m[31m57.0.7   [39m[33m[39m
[RUN_EXPO_DOCTOR] [33mexpo-image-picker       [32m~57.0.16  [39m[33m[31m57.0.7   [39m[33m[39m
[RUN_EXPO_DOCTOR] [33mexpo-linking            [32m~57.0.9   [39m[33m[31m57.0.4   [39m[33m[39m
[RUN_EXPO_DOCTOR] [33mexpo-location           [32m~57.0.16  [39m[33m[31m57.0.7   [39m[33m[39m
[RUN_EXPO_DOCTOR] [33mexpo-router             [32m~57.0.20  [39m[33m[31m57.0.9   [39m[33m[39m
[RUN_EXPO_DOCTOR] [33mexpo-splash-screen      [32m~57.0.8   [39m[33m[31m57.0.5   [39m[33m[39m
[RUN_EXPO_DOCTOR] [33mexpo-system-ui          [32m~57.0.3   [39m[33m[31m57.0.2   [39m[33m[39m
[RUN_EXPO_DOCTOR] [33mreact-native            [32m0.86.3    [39m[33m[31m0.86.2   [39m[33m[39m
[RUN_EXPO_DOCTOR] [33meslint-config-expo      [32m~57.0.2   [39m[33m[31m57.0.1   [39m[33m[39m
[RUN_EXPO_DOCTOR] [33m[39m
[RUN_EXPO_DOCTOR] [33m[1mChangelogs:[22m[39m
[RUN_EXPO_DOCTOR] [33m[1m[22m[2m[34m- expo-build-properties → https://github.com/expo/expo/blob/sdk-57/packages/expo-build-properties/CHANGELOG.md[39m[33m[22m[39m
[RUN_EXPO_DOCTOR] [33m[2m[34m- expo-constants → https://github.com/expo/expo/blob/sdk-57/packages/expo-constants/CHANGELOG.md[39m[33m[22m[39m
[RUN_EXPO_DOCTOR] [33m[2m[34m- expo-crypto → https://github.com/expo/expo/blob/sdk-57/packages/expo-crypto/CHANGELOG.md[39m[33m[22m[39m
[RUN_EXPO_DOCTOR] [33m[2m[34m- expo-dev-client → https://github.com/expo/expo/blob/sdk-57/packages/expo-dev-client/CHANGELOG.md[39m[33m[22m[39m
[RUN_EXPO_DOCTOR] [33m[2m[34m- expo-file-system → https://github.com/expo/expo/blob/sdk-57/packages/expo-file-system/CHANGELOG.md[39m[33m[22m[39m
[RUN_EXPO_DOCTOR] [33m[2m[34m- expo-font → https://github.com/expo/expo/blob/sdk-57/packages/expo-font/CHANGELOG.md[39m[33m[22m[39m
[RUN_EXPO_DOCTOR] [33m[2m[34m- expo-glass-effect → https://github.com/expo/expo/blob/sdk-57/packages/expo-glass-effect/CHANGELOG.md[39m[33m[22m[39m
[RUN_EXPO_DOCTOR] [33m[2m[34m- expo-haptics → https://github.com/expo/expo/blob/sdk-57/packages/expo-haptics/CHANGELOG.md[39m[33m[22m[39m
[RUN_EXPO_DOCTOR] [33m[2m[34m- expo-image-manipulator → https://github.com/expo/expo/blob/sdk-57/packages/expo-image-manipulator/CHANGELOG.md[39m[33m[22m[39m
[RUN_EXPO_DOCTOR] [33m[2m[34m- expo-image-picker → https://github.com/expo/expo/blob/sdk-57/packages/expo-image-picker/CHANGELOG.md[39m[33m[22m[39m
[RUN_EXPO_DOCTOR] [33m[2m[34m- expo-linking → https://github.com/expo/expo/blob/sdk-57/packages/expo-linking/CHANGELOG.md[39m[33m[22m[39m
[RUN_EXPO_DOCTOR] [33m[2m[34m- expo-location → https://github.com/expo/expo/blob/sdk-57/packages/expo-location/CHANGELOG.md[39m[33m[22m[39m
[RUN_EXPO_DOCTOR] [33m[2m[34m- expo-router → https://github.com/expo/expo/blob/sdk-57/packages/expo-router/CHANGELOG.md[39m[33m[22m[39m
[RUN_EXPO_DOCTOR] [33m[2m[34m- expo-splash-screen → https://github.com/expo/expo/blob/sdk-57/packages/expo-splash-screen/CHANGELOG.md[39m[33m[22m[39m
[RUN_EXPO_DOCTOR] [33m[2m[34m- expo-system-ui → https://github.com/expo/expo/blob/sdk-57/packages/expo-system-ui/CHANGELOG.md[39m[33m[22m[39m
[RUN_EXPO_DOCTOR] [33m[1m[22m[39m
[RUN_EXPO_DOCTOR] [33m[1m18 packages out of date.[22m[39m
[RUN_EXPO_DOCTOR] [32mAdvice:[39m
[RUN_EXPO_DOCTOR] [32mUse 'npx expo install --check' to review and upgrade your dependencies.[39m
[RUN_EXPO_DOCTOR] [32mTo ignore specific packages, add them to "expo.install.exclude" in package.json. Learn more: [4mhttps://expo.fyi/dependency-validation[24m[39m
[RUN_EXPO_DOCTOR] [31m[31m2 checks failed, indicating possible issues with the project.[39m[31m[39m
[RUN_EXPO_DOCTOR] [31mCommand "expo doctor" failed.[39m
[31mError: npx -y expo-doctor exited with non-zero code: 1[39m
[31m    at ChildProcess.completionListener (/Users/shidetake/.npm/_npx/4eb52c9838540542/node_modules/@expo/spawn-async/build/spawnAsync.js:113:23)[39m
[31m    at Object.onceWrapper (node:events:622:26)[39m
[31m    at ChildProcess.emit (node:events:507:28)[39m
[31m    at ChildProcess.emit (node:domain:489:12)[39m
[31m    at maybeClose (node:internal/child_process:1101:16)[39m
[31m    at ChildProcess._handle.onexit (node:internal/child_process:305:5)[39m
[31m    ...[39m
[31m    at spawnAsync (/Users/shidetake/.npm/_npx/4eb52c9838540542/node_modules/@expo/spawn-async/build/spawnAsync.js:9:23)[39m
[31m    at spawn (/Users/shidetake/.npm/_npx/4eb52c9838540542/node_modules/@expo/turtle-spawn/dist/index.js:16:47)[39m
[31m    at runExpoDoctor (/Users/shidetake/.npm/_npx/4eb52c9838540542/node_modules/@expo/build-tools/dist/common/setup.js:158:52)[39m
[31m    at process.processTicksAndRejections (node:internal/process/task_queues:105:5)[39m
[31m    at async /Users/shidetake/.npm/_npx/4eb52c9838540542/node_modules/@expo/build-tools/dist/common/setup.js:137:17[39m
[31m    at async BuildContext.runBuildPhase (/Users/shidetake/.npm/_npx/4eb52c9838540542/node_modules/@expo/build-tools/dist/context.js:128:28)[39m
[31m    at async setupAsync (/Users/shidetake/.npm/_npx/4eb52c9838540542/node_modules/@expo/build-tools/dist/common/setup.js:135:9)[39m
[31m    at async buildInnerAsync (/Users/shidetake/.npm/_npx/4eb52c9838540542/node_modules/@expo/build-tools/dist/builders/ios.js:66:5)[39m
[31m    at async buildAsync (/Users/shidetake/.npm/_npx/4eb52c9838540542/node_modules/@expo/build-tools/dist/builders/ios.js:56:9)[39m
[31m    at async runBuilderWithHooksAsync (/Users/shidetake/.npm/_npx/4eb52c9838540542/node_modules/@expo/build-tools/dist/builders/common.js:13:13)[39m
[PREPARE_CREDENTIALS] Preparing credentials
[PREPARE_CREDENTIALS] Creating keychain
[PREPARE_CREDENTIALS] Preparing credentials for target 'triplot'
[PREPARE_CREDENTIALS] Getting distribution certificate fingerprint and common name
[PREPARE_CREDENTIALS] Fingerprint = "0CC95FD69EDA7BE06D0B043BD28865A1916750A7", common name = iPhone Distribution: Hidetake Sasaki (D37LHZNVW3)
[PREPARE_CREDENTIALS] Writing distribution certificate to /var/folders/p9/98ld1dhj4szctyjcfk4s3khh0000gn/T/56513b22-6e86-449b-85b5-572dc325d84e.p12
[PREPARE_CREDENTIALS] Importing distribution certificate into the keychain
[PREPARE_CREDENTIALS] Initializing provisioning profile
[PREPARE_CREDENTIALS] Validating whether the distribution certificate has been imported successfully
[PREPARE_CREDENTIALS] Verifying whether the distribution certificate and provisioning profile match
[PREBUILD] - [1mCreating native directory (./ios)[22m
[PREBUILD] [32m✔[39m Created native directory
[PREBUILD] - [1mUpdating package.json[22m
[PREBUILD] [31m[33m› Using [1mreact-native@0.86.2[22m instead of recommended [1mreact-native@0.86.0[22m.[39m[31m[39m
[PREBUILD] - [1mUpdating package.json[22m
[PREBUILD] [32m✔[39m Updated package.json[2m | no changes[22m
[PREBUILD] - [1mRunning prebuild[22m
[PREBUILD] [32m✔[39m Finished prebuild
[PREBUILD] We detected that 'apps/mobile' is a npm workspace
[PREBUILD] Running "npm install --include=dev" in /var/folders/p9/98ld1dhj4szctyjcfk4s3khh0000gn/T/eas-build-local-nodejs/05259402-59fe-4257-ba62-2b703e4f9a92/build directory
[PREBUILD] > triplot@0.1.0 postinstall
[PREBUILD] > node scripts/apply-patches.mjs
[PREBUILD] [1mpatch-package[22m 8.0.1
[PREBUILD] Applying patches...
[PREBUILD] [1m@expo/ui[22m@57.0.8 [32m✔[39m
[PREBUILD] [1mexpo-modules-jsi[22m@57.0.4 [32m✔[39m
[PREBUILD] > triplot@0.1.0 prepare
[PREBUILD] > husky || true
[PREBUILD] added 119 packages, and audited 1541 packages in 2s
[PREBUILD] 343 packages are looking for funding
[PREBUILD]   run `npm fund` for details
[PREBUILD] 38 vulnerabilities (22 moderate, 15 high, 1 critical)
[PREBUILD] 
[PREBUILD] To address issues that do not require attention, run:
[PREBUILD]   npm audit fix
[PREBUILD] 
[PREBUILD] To address all issues (including breaking changes), run:
[PREBUILD]   npm audit fix --force
[PREBUILD] 
[PREBUILD] Run `npm audit` for details.
[RESTORE_CACHE] Local builds do not support restoring cache
[INSTALL_PODS] Using Expo modules
[INSTALL_PODS] [Expo] Enabling modular headers for pod ExpoModulesCore
[INSTALL_PODS] [Expo] Enabling modular headers for pod ExpoModulesWorklets
[INSTALL_PODS] [Expo] Enabling modular headers for pod React-RCTFabric
[INSTALL_PODS] [Expo] Enabling modular headers for pod React-Core
[INSTALL_PODS] [Expo] Enabling modular headers for pod GoogleSignIn
[INSTALL_PODS] [Expo] Enabling modular headers for pod ExpoModulesJSI
[INSTALL_PODS] [Expo] Enabling modular headers for pod React-RCTAppDelegate
[INSTALL_PODS] [Expo] Enabling modular headers for pod ReactAppDependencyProvider
[INSTALL_PODS] [Expo] Enabling modular headers for pod ReactCodegen
[INSTALL_PODS] [Expo] Enabling modular headers for pod RCTRequired
[INSTALL_PODS] [Expo] Enabling modular headers for pod RCTTypeSafety
[INSTALL_PODS] [Expo] Enabling modular headers for pod ReactCommon
[INSTALL_PODS] [Expo] Enabling modular headers for pod React-NativeModulesApple
[INSTALL_PODS] [Expo] Enabling modular headers for pod Yoga
[INSTALL_PODS] [Expo] Enabling modular headers for pod React-Fabric
[INSTALL_PODS] [Expo] Enabling modular headers for pod React-graphics
[INSTALL_PODS] [Expo] Enabling modular headers for pod React-utils
[INSTALL_PODS] [Expo] Enabling modular headers for pod React-featureflags
[INSTALL_PODS] [Expo] Enabling modular headers for pod React-debug
[INSTALL_PODS] [Expo] Enabling modular headers for pod React-ImageManager
[INSTALL_PODS] [Expo] Enabling modular headers for pod React-rendererdebug
[INSTALL_PODS] [Expo] Enabling modular headers for pod React-jsi
[INSTALL_PODS] [Expo] Enabling modular headers for pod React-renderercss
[INSTALL_PODS] [Expo] Enabling modular headers for pod hermes-engine
[INSTALL_PODS] [Expo] Enabling modular headers for pod glog
[INSTALL_PODS] [Expo] Enabling modular headers for pod boost
[INSTALL_PODS] [Expo] Enabling modular headers for pod DoubleConversion
[INSTALL_PODS] [Expo] Enabling modular headers for pod fast_float
[INSTALL_PODS] [Expo] Enabling modular headers for pod fmt
[INSTALL_PODS] [Expo] Enabling modular headers for pod RCT-Folly
[INSTALL_PODS] [Expo] Enabling modular headers for pod SocketRocket
[INSTALL_PODS] [Expo] Enabling modular headers for pod expo-dev-menu-interface
[INSTALL_PODS] [Expo] Enabling modular headers for pod EXManifests
[INSTALL_PODS] [Expo] Enabling modular headers for pod EXUpdatesInterface
[INSTALL_PODS] [Expo] Enabling modular headers for pod expo-dev-menu
[INSTALL_PODS] [Expo] Enabling modular headers for pod React-jsinspector
[INSTALL_PODS] [Expo] Enabling modular headers for pod expo-dev-launcher
[INSTALL_PODS] [Expo] Enabling modular headers for pod SDWebImageWebPCoder
[INSTALL_PODS] [Expo] Enabling modular headers for pod RNScreens
[INSTALL_PODS] Adding extra pod - GoogleUtilities (*)
[INSTALL_PODS] Adding extra pod - RecaptchaInterop (*)
[INSTALL_PODS] [Expo-precompiled] RNReanimated: prebuilt xcframework unavailable; building from source
[INSTALL_PODS] [Expo-precompiled]   Expected tarball: /private/var/folders/p9/98ld1dhj4szctyjcfk4s3khh0000gn/T/eas-build-local-nodejs/05259402-59fe-4257-ba62-2b703e4f9a92/build/apps/mobile/packages/precompile/.build/react-native-reanimated/output/4.5.1/0.86.2/250829098.0.16/debug/xcframeworks/RNReanimated.tar.gz
[INSTALL_PODS] [Expo-precompiled] react-native-safe-area-context: prebuilt xcframework unavailable; building from source
[INSTALL_PODS] [Expo-precompiled]   Expected tarball: /private/var/folders/p9/98ld1dhj4szctyjcfk4s3khh0000gn/T/eas-build-local-nodejs/05259402-59fe-4257-ba62-2b703e4f9a92/build/apps/mobile/packages/precompile/.build/react-native-safe-area-context/output/5.7.0/0.86.2/250829098.0.16/debug/xcframeworks/RNCSafeAreaContext.tar.gz
[INSTALL_PODS] [Expo-precompiled] RNScreens: prebuilt xcframework unavailable; building from source
[INSTALL_PODS] [Expo-precompiled]   Expected tarball: /private/var/folders/p9/98ld1dhj4szctyjcfk4s3khh0000gn/T/eas-build-local-nodejs/05259402-59fe-4257-ba62-2b703e4f9a92/build/apps/mobile/packages/precompile/.build/react-native-screens/output/4.26.2/0.86.2/250829098.0.16/debug/xcframeworks/RNScreens.tar.gz
[INSTALL_PODS] [Expo-precompiled] RNSVG: prebuilt xcframework unavailable; building from source
[INSTALL_PODS] [Expo-precompiled]   Expected tarball: /private/var/folders/p9/98ld1dhj4szctyjcfk4s3khh0000gn/T/eas-build-local-nodejs/05259402-59fe-4257-ba62-2b703e4f9a92/build/apps/mobile/packages/precompile/.build/react-native-svg/output/15.15.4/0.86.2/250829098.0.16/debug/xcframeworks/RNSVG.tar.gz
[INSTALL_PODS] [Expo-precompiled] RNWorklets: prebuilt xcframework unavailable; building from source
[INSTALL_PODS] [Expo-precompiled]   Expected tarball: /private/var/folders/p9/98ld1dhj4szctyjcfk4s3khh0000gn/T/eas-build-local-nodejs/05259402-59fe-4257-ba62-2b703e4f9a92/build/apps/mobile/packages/precompile/.build/react-native-worklets/output/0.10.1/0.86.2/250829098.0.16/debug/xcframeworks/RNWorklets.tar.gz
[INSTALL_PODS] [Expo-precompiled] RNCAsyncStorage: prebuilt xcframework unavailable; building from source
[INSTALL_PODS] [Expo-precompiled]   Expected tarball: /private/var/folders/p9/98ld1dhj4szctyjcfk4s3khh0000gn/T/eas-build-local-nodejs/05259402-59fe-4257-ba62-2b703e4f9a92/build/apps/mobile/packages/precompile/.build/@react-native-async-storage/async-storage/output/2.2.0/0.86.2/250829098.0.16/debug/xcframeworks/RNCAsyncStorage.tar.gz
[INSTALL_PODS] [RNScreens] Gamma project enabled. Including source files.
[INSTALL_PODS] Found 12 modules for target `triplot`
[INSTALL_PODS] link_native_modules! {ios_packages: [{configurations: [], name: "@react-native-async-storage/async-storage", root: "/private/var/folders/p9/98ld1dhj4szctyjcfk4s3khh0000gn/T/eas-build-local-nodejs/05259402-59fe-4257-ba62-2b703e4f9a92/build/node_modules/@react-native-async-storage/async-storage", path: "../../../node_modules/@react-native-async-storage/async-storage", podspec_path: "/private/var/folders/p9/98ld1dhj4szctyjcfk4s3khh0000gn/T/eas-build-local-nodejs/05259402-59fe-4257-ba62-2b703e4f9a92/build/node_modules/@react-native-async-storage/async-storage/RNCAsyncStorage.podspec", script_phases: []}, {configurations: [], name: "@react-native-community/datetimepicker", root: "/private/var/folders/p9/98ld1dhj4szctyjcfk4s3khh0000gn/T/eas-build-local-nodejs/05259402-59fe-4257-ba62-2b703e4f9a92/build/node_modules/@react-native-community/datetimepicker", path: "../../../node_modules/@react-native-community/datetimepicker", podspec_path: "/private/var/folders/p9/98ld1dhj4szctyjcfk4s3khh0000gn/T/eas-build-local-nodejs/05259402-59fe-4257-ba62-2b703e4f9a92/build/node_modules/@react-native-community/datetimepicker/RNDateTimePicker.podspec", script_phases: []}, {configurations: [], name: "@react-native-google-signin/google-signin", root: "/private/var/folders/p9/98ld1dhj4szctyjcfk4s3khh0000gn/T/eas-build-local-nodejs/05259402-59fe-4257-ba62-2b703e4f9a92/build/node_modules/@react-native-google-signin/google-signin", path: "../../../node_modules/@react-native-google-signin/google-signin", podspec_path: "/private/var/folders/p9/98ld1dhj4szctyjcfk4s3khh0000gn/T/eas-build-local-nodejs/05259402-59fe-4257-ba62-2b703e4f9a92/build/node_modules/@react-native-google-signin/google-signin/RNGoogleSignin.podspec", script_phases: []}, {configurations: [], name: "expo", root: "/private/var/folders/p9/98ld1dhj4szctyjcfk4s3khh0000gn/T/eas-build-local-nodejs/05259402-59fe-4257-ba62-2b703e4f9a92/build/node_modules/expo", path: "../../../node_modules/expo", podspec_path: "/private/var/folders/p9/98ld1dhj4szctyjcfk4s3khh0000gn/T/eas-build-local-nodejs/05259402-59fe-4257-ba62-2b703e4f9a92/build/node_modules/expo/Expo.podspec", script_phases: []}, {configurations: [], name: "react-native-gesture-handler", root: "/private/var/folders/p9/98ld1dhj4szctyjcfk4s3khh0000gn/T/eas-build-local-nodejs/05259402-59fe-4257-ba62-2b703e4f9a92/build/node_modules/react-native-gesture-handler", path: "../../../node_modules/react-native-gesture-handler", podspec_path: "/private/var/folders/p9/98ld1dhj4szctyjcfk4s3khh0000gn/T/eas-build-local-nodejs/05259402-59fe-4257-ba62-2b703e4f9a92/build/node_modules/react-native-gesture-handler/RNGestureHandler.podspec", script_phases: []}, {configurations: [], name: "react-native-maps", root: "/private/var/folders/p9/98ld1dhj4szctyjcfk4s3khh0000gn/T/eas-build-local-nodejs/05259402-59fe-4257-ba62-2b703e4f9a92/build/node_modules/react-native-maps", path: "../../../node_modules/react-native-maps", podspec_path: "/private/var/folders/p9/98ld1dhj4szctyjcfk4s3khh0000gn/T/eas-build-local-nodejs/05259402-59fe-4257-ba62-2b703e4f9a92/build/node_modules/react-native-maps/react-native-maps.podspec", script_phases: []}, {configurations: [], name: "react-native-reanimated", root: "/private/var/folders/p9/98ld1dhj4szctyjcfk4s3khh0000gn/T/eas-build-local-nodejs/05259402-59fe-4257-ba62-2b703e4f9a92/build/apps/mobile/node_modules/react-native-reanimated", path: "../node_modules/react-native-reanimated", podspec_path: "/private/var/folders/p9/98ld1dhj4szctyjcfk4s3khh0000gn/T/eas-build-local-nodejs/05259402-59fe-4257-ba62-2b703e4f9a92/build/apps/mobile/node_modules/react-native-reanimated/RNReanimated.podspec", script_phases: []}, {configurations: [], name: "react-native-safe-area-context", root: "/private/var/folders/p9/98ld1dhj4szctyjcfk4s3khh0000gn/T/eas-build-local-nodejs/05259402-59fe-4257-ba62-2b703e4f9a92/build/node_modules/react-native-safe-area-context", path: "../../../node_modules/react-native-safe-area-context", podspec_path: "/private/var/folders/p9/98ld1dhj4szctyjcfk4s3khh0000gn/T/eas-build-local-nodejs/05259402-59fe-4257-ba62-2b703e4f9a92/build/node_modules/react-native-safe-area-context/react-native-safe-area-context.podspec", script_phases: []}, {configurations: [], name: "react-native-screens", root: "/private/var/folders/p9/98ld1dhj4szctyjcfk4s3khh0000gn/T/eas-build-local-nodejs/05259402-59fe-4257-ba62-2b703e4f9a92/build/node_modules/react-native-screens", path: "../../../node_modules/react-native-screens", podspec_path: "/private/var/folders/p9/98ld1dhj4szctyjcfk4s3khh0000gn/T/eas-build-local-nodejs/05259402-59fe-4257-ba62-2b703e4f9a92/build/node_modules/react-native-screens/RNScreens.podspec", script_phases: []}, {configurations: [], name: "react-native-svg", root: "/private/var/folders/p9/98ld1dhj4szctyjcfk4s3khh0000gn/T/eas-build-local-nodejs/05259402-59fe-4257-ba62-2b703e4f9a92/build/node_modules/react-native-svg", path: "../../../node_modules/react-native-svg", podspec_path: "/private/var/folders/p9/98ld1dhj4szctyjcfk4s3khh0000gn/T/eas-build-local-nodejs/05259402-59fe-4257-ba62-2b703e4f9a92/build/node_modules/react-native-svg/RNSVG.podspec", script_phases: []}, {configurations: [], name: "react-native-worklets", root: "/private/var/folders/p9/98ld1dhj4szctyjcfk4s3khh0000gn/T/eas-build-local-nodejs/05259402-59fe-4257-ba62-2b703e4f9a92/build/apps/mobile/node_modules/react-native-worklets", path: "../node_modules/react-native-worklets", podspec_path: "/private/var/folders/p9/98ld1dhj4szctyjcfk4s3khh0000gn/T/eas-build-local-nodejs/05259402-59fe-4257-ba62-2b703e4f9a92/build/apps/mobile/node_modules/react-native-worklets/RNWorklets.podspec", script_phases: []}, {configurations: [], name: "@react-native-masked-view/masked-view", root: "/private/var/folders/p9/98ld1dhj4szctyjcfk4s3khh0000gn/T/eas-build-local-nodejs/05259402-59fe-4257-ba62-2b703e4f9a92/build/node_modules/@react-native-masked-view/masked-view", path: "../../../node_modules/@react-native-masked-view/masked-view", podspec_path: "/private/var/folders/p9/98ld1dhj4szctyjcfk4s3khh0000gn/T/eas-build-local-nodejs/05259402-59fe-4257-ba62-2b703e4f9a92/build/node_modules/@react-native-masked-view/masked-view/RNCMaskedView.podspec", script_phases: []}], ios_project_root_path: "/private/var/folders/p9/98ld1dhj4szctyjcfk4s3khh0000gn/T/eas-build-local-nodejs/05259402-59fe-4257-ba62-2b703e4f9a92/build/apps/mobile/ios", react_native_path: "../node_modules/react-native"}
[INSTALL_PODS] [RNScreens] Gamma project enabled. Including source files.
[INSTALL_PODS] Auto-linking React Native modules for target `triplot`: RNCAsyncStorage, RNCMaskedView, RNDateTimePicker, RNGestureHandler, RNGoogleSignin, RNReanimated, RNSVG, RNScreens, RNWorklets, and react-native-safe-area-context
[INSTALL_PODS] Framework build type is static library
[INSTALL_PODS] [ReactNativeDependencies] Setting up ReactNativeDependencies...
[INSTALL_PODS] [ReactNativeDependencies] Building from source: false
[INSTALL_PODS] [ReactNativeDependencies] Using tarball from URL: https://repo1.maven.org/maven2/com/facebook/react/react-native-artifacts/0.86.2/react-native-artifacts-0.86.2-reactnative-dependencies-debug.tar.gz
[INSTALL_PODS] [ReactNativeDependencies] Verifying checksum for cached reactnative-dependencies-0.86.2-debug.tar.gz...
[INSTALL_PODS] [Cache] SHA1 verified for reactnative-dependencies-0.86.2-debug.tar.gz
[INSTALL_PODS] [ReactNativeDependencies] Cache hit: copying reactnative-dependencies-0.86.2-debug.tar.gz from shared cache (/Users/shidetake/Library/Caches/ReactNative)
[INSTALL_PODS] [ReactNativeDependencies] Verifying checksum for cached reactnative-dependencies-0.86.2-release.tar.gz...
[INSTALL_PODS] [Cache] SHA1 verified for reactnative-dependencies-0.86.2-release.tar.gz
[INSTALL_PODS] [ReactNativeDependencies] Cache hit: copying reactnative-dependencies-0.86.2-release.tar.gz from shared cache (/Users/shidetake/Library/Caches/ReactNative)
[INSTALL_PODS] [ReactNativeDependencies] Source: {http: "https://repo1.maven.org/maven2/com/facebook/react/react-native-artifacts/0.86.2/react-native-artifacts-0.86.2-reactnative-dependencies-debug.tar.gz"}
[INSTALL_PODS] [ReactNativeCore] Setting up ReactNativeCore...
[INSTALL_PODS] [ReactNativeCore] Building from source: false
[INSTALL_PODS] Configuring the target with the New Architecture
[INSTALL_PODS] [ReactNativeCore] Using React Native Core and React Native Dependencies prebuilt versions.
[INSTALL_PODS] [36m[1m[Codegen][0m Analyzing /private/var/folders/p9/98ld1dhj4szctyjcfk4s3khh0000gn/T/eas-build-local-nodejs/05259402-59fe-4257-ba62-2b703e4f9a92/build/apps/mobile/package.json[0m
[INSTALL_PODS] [36m[1m[Codegen][0m [33mSearching for codegen-enabled libraries in the app.[0m
[INSTALL_PODS] [36m[1m[Codegen][0m [33mThe "codegenConfig" field is not defined in package.json. Assuming there is nothing to generate at the app level.[0m
[INSTALL_PODS] [36m[1m[Codegen][0m [33mSearching for codegen-enabled libraries in react-native.config.js[0m
[INSTALL_PODS] [36m[1m[Codegen][0m Found @react-native-async-storage/async-storage[0m
[INSTALL_PODS] [36m[1m[Codegen][0m Found @react-native-community/datetimepicker[0m
[INSTALL_PODS] [36m[1m[Codegen][0m Found @react-native-google-signin/google-signin[0m
[INSTALL_PODS] [36m[1m[Codegen][0m Found react-native-gesture-handler[0m
[INSTALL_PODS] [36m[1m[Codegen][0m Found react-native-maps[0m
[INSTALL_PODS] [36m[1m[Codegen][0m Found react-native-reanimated[0m
[INSTALL_PODS] [36m[1m[Codegen][0m Found react-native-safe-area-context[0m
[INSTALL_PODS] [36m[1m[Codegen][0m Found react-native-screens[0m
[INSTALL_PODS] [36m[1m[Codegen][0m Found react-native-svg[0m
[INSTALL_PODS] [36m[1m[Codegen][0m Found react-native-worklets[0m
[INSTALL_PODS] [36m[1m[Codegen][0m Processing rnasyncstorage[0m
[INSTALL_PODS] [36m[1m[Codegen][0m [33mSearching for podspec in the project dependencies.[0m
[INSTALL_PODS] [36m[1m[Codegen][0m Supported Apple platforms: ios, macos, tvos, visionos for rnasyncstorage[0m
[INSTALL_PODS] [36m[1m[Codegen][0m Processing RNDateTimePickerCGen[0m
[INSTALL_PODS] [36m[1m[Codegen][0m [33mSearching for podspec in the project dependencies.[0m
[INSTALL_PODS] [36m[1m[Codegen][0m Supported Apple platforms: ios, visionos for RNDateTimePickerCGen[0m
[INSTALL_PODS] [36m[1m[Codegen][0m Processing RNGoogleSignInCGen[0m
[INSTALL_PODS] [36m[1m[Codegen][0m [33mSearching for podspec in the project dependencies.[0m
[INSTALL_PODS] [36m[1m[Codegen][0m Supported Apple platforms: ios for RNGoogleSignInCGen[0m
[INSTALL_PODS] [36m[1m[Codegen][0m Processing rngesturehandler_codegen[0m
[INSTALL_PODS] [36m[1m[Codegen][0m [33mSearching for podspec in the project dependencies.[0m
[INSTALL_PODS] [36m[1m[Codegen][0m Supported Apple platforms: ios, macos, tvos, visionos for rngesturehandler_codegen[0m
[INSTALL_PODS] [36m[1m[Codegen][0m Processing RNMapsSpecs[0m
[INSTALL_PODS] [36m[1m[Codegen][0m [33mSearching for podspec in the project dependencies.[0m
[INSTALL_PODS] [36m[1m[Codegen][0m Supported Apple platforms: ios for RNMapsSpecs[0m
[INSTALL_PODS] [36m[1m[Codegen][0m Processing rnreanimated[0m
[INSTALL_PODS] [36m[1m[Codegen][0m [33mSearching for podspec in the project dependencies.[0m
[INSTALL_PODS] [36m[1m[Codegen][0m Supported Apple platforms: ios, macos, tvos, visionos for rnreanimated[0m
[INSTALL_PODS] [36m[1m[Codegen][0m Processing safeareacontext[0m
[INSTALL_PODS] [36m[1m[Codegen][0m [33mSearching for podspec in the project dependencies.[0m
[INSTALL_PODS] [36m[1m[Codegen][0m Supported Apple platforms: ios, macos, tvos, visionos for safeareacontext[0m
[INSTALL_PODS] [36m[1m[Codegen][0m Processing rnscreens[0m
[INSTALL_PODS] [36m[1m[Codegen][0m [33mSearching for podspec in the project dependencies.[0m
[INSTALL_PODS] [36m[1m[Codegen][0m Supported Apple platforms: ios, tvos, visionos for rnscreens[0m
[INSTALL_PODS] [36m[1m[Codegen][0m Processing rnsvg[0m
[INSTALL_PODS] [36m[1m[Codegen][0m [33mSearching for podspec in the project dependencies.[0m
[INSTALL_PODS] [36m[1m[Codegen][0m Supported Apple platforms: ios, macos, tvos, visionos for rnsvg[0m
[INSTALL_PODS] [36m[1m[Codegen][0m Processing rnworklets[0m
[INSTALL_PODS] [36m[1m[Codegen][0m [33mSearching for podspec in the project dependencies.[0m
[INSTALL_PODS] [36m[1m[Codegen][0m Supported Apple platforms: ios, macos, tvos, visionos for rnworklets[0m
[INSTALL_PODS] [36m[1m[Codegen][0m Generating Native Code for rnasyncstorage - ios[0m
[INSTALL_PODS] [36m[1m[Codegen][0m Generated artifacts: /private/var/folders/p9/98ld1dhj4szctyjcfk4s3khh0000gn/T/eas-build-local-nodejs/05259402-59fe-4257-ba62-2b703e4f9a92/build/apps/mobile/ios/build/generated/ios/ReactCodegen[0m
[INSTALL_PODS] [36m[1m[Codegen][0m Generating Native Code for RNDateTimePickerCGen - ios[0m
[INSTALL_PODS] [36m[1m[Codegen][0m Generated artifacts: /private/var/folders/p9/98ld1dhj4szctyjcfk4s3khh0000gn/T/eas-build-local-nodejs/05259402-59fe-4257-ba62-2b703e4f9a92/build/apps/mobile/ios/build/generated/ios/ReactCodegen[0m
[INSTALL_PODS] [36m[1m[Codegen][0m Generating Native Code for RNGoogleSignInCGen - ios[0m
[INSTALL_PODS] [36m[1m[Codegen][0m Generated artifacts: /private/var/folders/p9/98ld1dhj4szctyjcfk4s3khh0000gn/T/eas-build-local-nodejs/05259402-59fe-4257-ba62-2b703e4f9a92/build/apps/mobile/ios/build/generated/ios/ReactCodegen[0m
[INSTALL_PODS] [36m[1m[Codegen][0m Generating Native Code for rngesturehandler_codegen - ios[0m
[INSTALL_PODS] [36m[1m[Codegen][0m Generated artifacts: /private/var/folders/p9/98ld1dhj4szctyjcfk4s3khh0000gn/T/eas-build-local-nodejs/05259402-59fe-4257-ba62-2b703e4f9a92/build/apps/mobile/ios/build/generated/ios/ReactCodegen[0m
[INSTALL_PODS] [36m[1m[Codegen][0m Generating Native Code for rnreanimated - ios[0m
[INSTALL_PODS] [36m[1m[Codegen][0m Generated artifacts: /private/var/folders/p9/98ld1dhj4szctyjcfk4s3khh0000gn/T/eas-build-local-nodejs/05259402-59fe-4257-ba62-2b703e4f9a92/build/apps/mobile/ios/build/generated/ios/ReactCodegen[0m
[INSTALL_PODS] [36m[1m[Codegen][0m Generating Native Code for safeareacontext - ios[0m
[INSTALL_PODS] [36m[1m[Codegen][0m Generated artifacts: /private/var/folders/p9/98ld1dhj4szctyjcfk4s3khh0000gn/T/eas-build-local-nodejs/05259402-59fe-4257-ba62-2b703e4f9a92/build/apps/mobile/ios/build/generated/ios/ReactCodegen[0m
[INSTALL_PODS] [36m[1m[Codegen][0m Generating Native Code for rnscreens - ios[0m
[INSTALL_PODS] [36m[1m[Codegen][0m Generated artifacts: /private/var/folders/p9/98ld1dhj4szctyjcfk4s3khh0000gn/T/eas-build-local-nodejs/05259402-59fe-4257-ba62-2b703e4f9a92/build/apps/mobile/ios/build/generated/ios/ReactCodegen[0m
[INSTALL_PODS] [36m[1m[Codegen][0m Generating Native Code for rnsvg - ios[0m
[INSTALL_PODS] [36m[1m[Codegen][0m Generated artifacts: /private/var/folders/p9/98ld1dhj4szctyjcfk4s3khh0000gn/T/eas-build-local-nodejs/05259402-59fe-4257-ba62-2b703e4f9a92/build/apps/mobile/ios/build/generated/ios/ReactCodegen[0m
[INSTALL_PODS] [36m[1m[Codegen][0m Generating Native Code for rnworklets - ios[0m
[INSTALL_PODS] [36m[1m[Codegen][0m Generated artifacts: /private/var/folders/p9/98ld1dhj4szctyjcfk4s3khh0000gn/T/eas-build-local-nodejs/05259402-59fe-4257-ba62-2b703e4f9a92/build/apps/mobile/ios/build/generated/ios/ReactCodegen[0m
[INSTALL_PODS] [36m[1m[Codegen][0m Generating RCTThirdPartyComponentsProvider.h[0m
[INSTALL_PODS] [36m[1m[Codegen][0m Generated artifact: /private/var/folders/p9/98ld1dhj4szctyjcfk4s3khh0000gn/T/eas-build-local-nodejs/05259402-59fe-4257-ba62-2b703e4f9a92/build/apps/mobile/ios/build/generated/ios/ReactCodegen/RCTThirdPartyComponentsProvider.h[0m
[INSTALL_PODS] [36m[1m[Codegen][0m Generating RCTThirdPartyComponentsProvider.mm[0m
[INSTALL_PODS] [36m[1m[Codegen][0m Generated artifact: /private/var/folders/p9/98ld1dhj4szctyjcfk4s3khh0000gn/T/eas-build-local-nodejs/05259402-59fe-4257-ba62-2b703e4f9a92/build/apps/mobile/ios/build/generated/ios/ReactCodegen/RCTThirdPartyComponentsProvider.mm[0m
[INSTALL_PODS] [36m[1m[Codegen][0m Generating RCTModulesProvider.h[0m
[INSTALL_PODS] [36m[1m[Codegen][0m Generated artifact: /private/var/folders/p9/98ld1dhj4szctyjcfk4s3khh0000gn/T/eas-build-local-nodejs/05259402-59fe-4257-ba62-2b703e4f9a92/build/apps/mobile/ios/build/generated/ios/ReactCodegen/RCTModuleProviders.h[0m
[INSTALL_PODS] [36m[1m[Codegen][0m Generating RCTModuleProviders.mm[0m
[INSTALL_PODS] [36m[1m[Codegen][0m Generated artifact: /private/var/folders/p9/98ld1dhj4szctyjcfk4s3khh0000gn/T/eas-build-local-nodejs/05259402-59fe-4257-ba62-2b703e4f9a92/build/apps/mobile/ios/build/generated/ios/ReactCodegen/RCTModuleProviders.mm[0m
[INSTALL_PODS] [36m[1m[Codegen][0m Generating RCTAppDependencyProvider[0m
[INSTALL_PODS] [36m[1m[Codegen][0m Generated artifact: /private/var/folders/p9/98ld1dhj4szctyjcfk4s3khh0000gn/T/eas-build-local-nodejs/05259402-59fe-4257-ba62-2b703e4f9a92/build/apps/mobile/ios/build/generated/ios/ReactAppDependencyProvider/RCTAppDependencyProvider.h[0m
[INSTALL_PODS] [36m[1m[Codegen][0m Generated artifact: /private/var/folders/p9/98ld1dhj4szctyjcfk4s3khh0000gn/T/eas-build-local-nodejs/05259402-59fe-4257-ba62-2b703e4f9a92/build/apps/mobile/ios/build/generated/ios/ReactAppDependencyProvider/RCTAppDependencyProvider.mm[0m
[INSTALL_PODS] [36m[1m[Codegen][0m Generated podspec: /private/var/folders/p9/98ld1dhj4szctyjcfk4s3khh0000gn/T/eas-build-local-nodejs/05259402-59fe-4257-ba62-2b703e4f9a92/build/apps/mobile/ios/build/generated/ios/ReactAppDependencyProvider/ReactAppDependencyProvider.podspec[0m
[INSTALL_PODS] [36m[1m[Codegen][0m Generated podspec: /private/var/folders/p9/98ld1dhj4szctyjcfk4s3khh0000gn/T/eas-build-local-nodejs/05259402-59fe-4257-ba62-2b703e4f9a92/build/apps/mobile/ios/build/generated/ios/ReactCodegen/ReactCodegen.podspec[0m
[INSTALL_PODS] [36m[1m[Codegen][0m Generating Package.swift[0m
[INSTALL_PODS] [36m[1m[Codegen][0m Generated artifact: /private/var/folders/p9/98ld1dhj4szctyjcfk4s3khh0000gn/T/eas-build-local-nodejs/05259402-59fe-4257-ba62-2b703e4f9a92/build/apps/mobile/ios/build/generated/ios/Package.swift[0m
[INSTALL_PODS] [36m[1m[Codegen][0m [33mDone.[0m
[INSTALL_PODS] Analyzing dependencies
[INSTALL_PODS] [Expo-precompiled] Bundled SPM frameworks: SDWebImage, SDWebImageWebPCoder
[INSTALL_PODS] Fetching podspec for `ExpoFileSystem` from `../../../node_modules/expo-file-system/ios/ExpoFileSystem.podspec`
[INSTALL_PODS] Fetching podspec for `ExpoFont` from `../../../node_modules/expo-font/ios/ExpoFont.podspec`
[INSTALL_PODS] Fetching podspec for `ExpoImageManipulator` from `../../../node_modules/expo-image-manipulator/ios/ExpoImageManipulator.podspec`
[INSTALL_PODS] [Expo-precompiled] Stripping bundled dependency 'SDWebImageWebPCoder' from ExpoImageManipulator
[INSTALL_PODS] Fetching podspec for `ExpoLocation` from `../../../node_modules/expo-location/ios/ExpoLocation.podspec`
[INSTALL_PODS] Fetching podspec for `ExpoModulesCore` from `../../../node_modules/expo-modules-core/ExpoModulesCore.podspec`
[INSTALL_PODS] Fetching podspec for `ExpoModulesWorklets` from `../../../node_modules/expo-modules-core/ExpoModulesWorklets.podspec`
[INSTALL_PODS] [RNScreens] Gamma project enabled. Including source files.
[INSTALL_PODS] Fetching podspec for `React-Core-prebuilt` from `../node_modules/react-native/React-Core-prebuilt.podspec`
[INSTALL_PODS] [ReactNativeCore] Verifying checksum for cached reactnative-core-0.86.2-debug.tar.gz...
[INSTALL_PODS] [Cache] SHA1 verified for reactnative-core-0.86.2-debug.tar.gz
[INSTALL_PODS] [ReactNativeCore] Cache hit: copying reactnative-core-0.86.2-debug.tar.gz from shared cache (/Users/shidetake/Library/Caches/ReactNative)
[INSTALL_PODS] [ReactNativeCore] Verifying checksum for cached reactnative-core-0.86.2-release.tar.gz...
[INSTALL_PODS] [Cache] SHA1 verified for reactnative-core-0.86.2-release.tar.gz
[INSTALL_PODS] [ReactNativeCore] Cache hit: copying reactnative-core-0.86.2-release.tar.gz from shared cache (/Users/shidetake/Library/Caches/ReactNative)
[INSTALL_PODS] [ReactNativeCore] Resolved stable ReactNativeCore-prebuilt version:
[INSTALL_PODS] [ReactNativeCore]   ../../ios/Pods/ReactNativeCore-artifacts/reactnative-core-0.86.2-debug.tar.gz
[INSTALL_PODS] [ReactNativeCore]   ../../ios/Pods/ReactNativeCore-artifacts/reactnative-core-0.86.2-release.tar.gz
[INSTALL_PODS] Fetching podspec for `ReactNativeDependencies` from `../node_modules/react-native/third-party-podspecs/ReactNativeDependencies.podspec`
[INSTALL_PODS] [ReactNativeDependencies] Using tarball from URL: https://repo1.maven.org/maven2/com/facebook/react/react-native-artifacts/0.86.2/react-native-artifacts-0.86.2-reactnative-dependencies-debug.tar.gz
[INSTALL_PODS] [ReactNativeDependencies] Tarball reactnative-dependencies-0.86.2-debug.tar.gz already exists in Pods. Skipping download.
[INSTALL_PODS] [ReactNativeDependencies] Tarball reactnative-dependencies-0.86.2-release.tar.gz already exists in Pods. Skipping download.
[INSTALL_PODS] Fetching podspec for `hermes-engine` from `../node_modules/react-native/sdks/hermes-engine/hermes-engine.podspec`
[INSTALL_PODS] [Hermes] Using release tarball from URL: https://repo1.maven.org/maven2/com/facebook/hermes/hermes-ios/250829098.0.16/hermes-ios-250829098.0.16-hermes-ios-debug.tar.gz
[INSTALL_PODS] [Hermes] Verifying checksum for cached hermes-ios-250829098.0.16-debug.tar.gz...
[INSTALL_PODS] [Hermes] SHA1 verified for hermes-ios-250829098.0.16-debug.tar.gz
[INSTALL_PODS] [Hermes] Cache hit: copying hermes-ios-250829098.0.16-debug.tar.gz from shared cache (/Users/shidetake/Library/Caches/ReactNative)
[INSTALL_PODS] [Hermes] Verifying checksum for cached hermes-ios-250829098.0.16-release.tar.gz...
[INSTALL_PODS] [Hermes] SHA1 verified for hermes-ios-250829098.0.16-release.tar.gz
[INSTALL_PODS] [Hermes] Cache hit: copying hermes-ios-250829098.0.16-release.tar.gz from shared cache (/Users/shidetake/Library/Caches/ReactNative)
[INSTALL_PODS] Downloading dependencies
[INSTALL_PODS] Installing AppAuth (2.1.0)
[INSTALL_PODS] Installing AppCheckCore (11.3.1)
[INSTALL_PODS] Installing EXApplication (57.0.2)
[INSTALL_PODS] Installing EXConstants (57.0.8)
[INSTALL_PODS] Installing EXJSONUtils (57.0.1)
[INSTALL_PODS] Installing EXManifests (57.0.1)
[INSTALL_PODS] Installing EXUpdatesInterface (57.0.1)
[INSTALL_PODS] Installing Expo (57.0.9)
[INSTALL_PODS] Installing ExpoAdapterGoogleSignIn (16.1.2)
[INSTALL_PODS] Installing ExpoAppleAuthentication (57.0.1)
[INSTALL_PODS] Installing ExpoAsset (57.0.8)
[INSTALL_PODS] Installing ExpoClipboard (57.0.1)
[INSTALL_PODS] Installing ExpoCrypto (57.0.1)
[INSTALL_PODS] Installing ExpoDomWebView (57.0.1)
[INSTALL_PODS] Installing ExpoFileSystem (57.0.1)
[INSTALL_PODS] Installing ExpoFont (57.0.1)
[INSTALL_PODS] Installing ExpoGlassEffect (57.0.1)
[INSTALL_PODS] Installing ExpoHaptics (57.0.1)
[INSTALL_PODS] Installing ExpoImageManipulator (57.0.7)
[INSTALL_PODS] Installing ExpoImagePicker (57.0.7)
[INSTALL_PODS] Installing ExpoKeepAwake (57.0.1)
[INSTALL_PODS] Installing ExpoLinking (57.0.4)
[INSTALL_PODS] Installing ExpoLocalization (57.0.1)
[INSTALL_PODS] Installing ExpoLocation (57.0.7)
[INSTALL_PODS] Installing ExpoLogBox (57.0.2)
[INSTALL_PODS] Installing ExpoModulesCore (57.0.8)
[INSTALL_PODS] Installing ExpoModulesJSI (57.0.4)
[INSTALL_PODS] Installing ExpoModulesWorklets (57.0.8)
[INSTALL_PODS] Installing ExpoModulesWorkletsAdapter (57.0.8)
[INSTALL_PODS] Installing ExpoRouter (57.0.9)
[INSTALL_PODS] Installing ExpoSplashScreen (57.0.5)
[INSTALL_PODS] Installing ExpoSymbols (57.0.1)
[INSTALL_PODS] Installing ExpoSystemUI (57.0.2)
[INSTALL_PODS] Installing ExpoUI (57.0.8)
[INSTALL_PODS] Installing FBLazyVector (0.86.2)
[INSTALL_PODS] Installing GTMAppAuth (5.0.0)
[INSTALL_PODS] Installing GTMSessionFetcher (3.5.0)
[INSTALL_PODS] Installing Google-Maps-iOS-Utils (6.1.0)
[INSTALL_PODS] Installing GoogleMaps (9.4.0)
[INSTALL_PODS] Installing GoogleSignIn (9.2.0)
[INSTALL_PODS] Installing GoogleUtilities (8.1.2)
[INSTALL_PODS] Installing PromisesObjC (2.4.1)
[INSTALL_PODS] Installing PromisesSwift (2.4.1)
[INSTALL_PODS] Installing RCTDeprecation (0.86.2)
[INSTALL_PODS] Installing RCTRequired (0.86.2)
[INSTALL_PODS] Installing RCTSwiftUI (0.86.2)
[INSTALL_PODS] Installing RCTSwiftUIWrapper (0.86.2)
[INSTALL_PODS] Installing RCTTypeSafety (0.86.2)
[INSTALL_PODS] Installing RNCAsyncStorage (2.2.0)
[INSTALL_PODS] Installing RNCMaskedView (0.3.2)
[INSTALL_PODS] Installing RNDateTimePicker (9.1.0)
[INSTALL_PODS] Installing RNGestureHandler (2.32.0)
[INSTALL_PODS] Installing RNGoogleSignin (16.1.2)
[INSTALL_PODS] Installing RNReanimated (4.5.1)
[INSTALL_PODS] Installing RNSVG (15.15.4)
[INSTALL_PODS] Installing RNScreens (4.26.2)
[INSTALL_PODS] Installing RNWorklets (0.10.1)
[INSTALL_PODS] Installing React (0.86.2)
[INSTALL_PODS] Installing React-Core (0.86.2)
[INSTALL_PODS] Installing React-Core-prebuilt (0.86.2)
[INSTALL_PODS] Installing React-CoreModules (0.86.2)
[INSTALL_PODS] Installing React-Fabric (0.86.2)
[INSTALL_PODS] Installing React-FabricComponents (0.86.2)
[INSTALL_PODS] Installing React-FabricImage (0.86.2)
[INSTALL_PODS] Installing React-ImageManager (0.86.2)
[INSTALL_PODS] Installing React-Mapbuffer (0.86.2)
[INSTALL_PODS] Installing React-NativeModulesApple (0.86.2)
[INSTALL_PODS] Installing React-RCTActionSheet (0.86.2)
[INSTALL_PODS] Installing React-RCTAnimation (0.86.2)
[INSTALL_PODS] Installing React-RCTAppDelegate (0.86.2)
[INSTALL_PODS] Installing React-RCTBlob (0.86.2)
[INSTALL_PODS] Installing React-RCTFBReactNativeSpec (0.86.2)
[INSTALL_PODS] Installing React-RCTFabric (0.86.2)
[INSTALL_PODS] Installing React-RCTImage (0.86.2)
[INSTALL_PODS] Installing React-RCTLinking (0.86.2)
[INSTALL_PODS] Installing React-RCTNetwork (0.86.2)
[INSTALL_PODS] Installing React-RCTRuntime (0.86.2)
[INSTALL_PODS] Installing React-RCTSettings (0.86.2)
[INSTALL_PODS] Installing React-RCTText (0.86.2)
[INSTALL_PODS] Installing React-RCTVibration (0.86.2)
[INSTALL_PODS] Installing React-RuntimeApple (0.86.2)
[INSTALL_PODS] Installing React-RuntimeCore (0.86.2)
[INSTALL_PODS] Installing React-RuntimeHermes (0.86.2)
[INSTALL_PODS] Installing React-callinvoker (0.86.2)
[INSTALL_PODS] Installing React-cxxreact (0.86.2)
[INSTALL_PODS] Installing React-debug (0.86.2)
[INSTALL_PODS] Installing React-defaultsnativemodule (0.86.2)
[INSTALL_PODS] Installing React-domnativemodule (0.86.2)
[INSTALL_PODS] Installing React-featureflags (0.86.2)
[INSTALL_PODS] Installing React-featureflagsnativemodule (0.86.2)
[INSTALL_PODS] Installing React-graphics (0.86.2)
[INSTALL_PODS] Installing React-hermes (0.86.2)
[INSTALL_PODS] Installing React-idlecallbacksnativemodule (0.86.2)
[INSTALL_PODS] Installing React-intersectionobservernativemodule (0.86.2)
[INSTALL_PODS] Installing React-jserrorhandler (0.86.2)
[INSTALL_PODS] Installing React-jsi (0.86.2)
[INSTALL_PODS] Installing React-jsiexecutor (0.86.2)
[INSTALL_PODS] Installing React-jsinspector (0.86.2)
[INSTALL_PODS] Installing React-jsinspectorcdp (0.86.2)
[INSTALL_PODS] Installing React-jsinspectornetwork (0.86.2)
[INSTALL_PODS] Installing React-jsinspectortracing (0.86.2)
[INSTALL_PODS] Installing React-jsitooling (0.86.2)
[INSTALL_PODS] Installing React-jsitracing (0.86.2)
[INSTALL_PODS] Installing React-logger (0.86.2)
[INSTALL_PODS] Installing React-microtasksnativemodule (0.86.2)
[INSTALL_PODS] Installing React-mutationobservernativemodule (0.86.2)
[INSTALL_PODS] Installing React-networking (0.86.2)
[INSTALL_PODS] Installing React-oscompat (0.86.2)
[INSTALL_PODS] Installing React-perflogger (0.86.2)
[INSTALL_PODS] Installing React-performancecdpmetrics (0.86.2)
[INSTALL_PODS] Installing React-performancetimeline (0.86.2)
[INSTALL_PODS] Installing React-rendererconsistency (0.86.2)
[INSTALL_PODS] Installing React-renderercss (0.86.2)
[INSTALL_PODS] Installing React-rendererdebug (0.86.2)
[INSTALL_PODS] Installing React-runtimeexecutor (0.86.2)
[INSTALL_PODS] Installing React-runtimescheduler (0.86.2)
[INSTALL_PODS] Installing React-timing (0.86.2)
[INSTALL_PODS] Installing React-utils (0.86.2)
[INSTALL_PODS] Installing React-viewtransitionnativemodule (0.86.2)
[INSTALL_PODS] Installing React-webperformancenativemodule (0.86.2)
[INSTALL_PODS] Installing ReactAppDependencyProvider (0.86.2)
[INSTALL_PODS] Installing ReactCodegen (0.86.2)
[INSTALL_PODS] Installing ReactCommon (0.86.2)
[INSTALL_PODS] Installing ReactNativeDependencies (0.86.2)
[INSTALL_PODS] Installing RecaptchaInterop (101.0.0)
[INSTALL_PODS] Installing Yoga (0.0.0)
[INSTALL_PODS] Installing expo-dev-client (57.0.10)
[INSTALL_PODS] Installing expo-dev-launcher (57.0.10)
[INSTALL_PODS] Installing expo-dev-menu (57.0.10)
[INSTALL_PODS] Installing expo-dev-menu-interface (57.0.0)
[INSTALL_PODS] Installing hermes-engine (250829098.0.16)
[INSTALL_PODS] Installing react-native-maps (1.27.2)
[INSTALL_PODS] Installing react-native-safe-area-context (5.7.0)
[INSTALL_PODS] [Expo] Ensuring required slices in ExpoModulesJSI.xcframework
[INSTALL_PODS] [Expo] Staged 2/2 shared SPM xcframework(s) (debug)
[INSTALL_PODS] Generating Pods project
[INSTALL_PODS] Setting USE_HERMES build settings
[INSTALL_PODS] Setting REACT_NATIVE_PATH build settings
[INSTALL_PODS] Setting SWIFT_ACTIVE_COMPILATION_CONDITIONS build settings
[INSTALL_PODS] [Ccache]: Removing Ccache from CC, LD, CXX & LDPLUSPLUS build settings
[INSTALL_PODS] Setting SWIFT_ENABLE_EXPLICIT_MODULES build settings
[INSTALL_PODS] [ReactNativeCore] Processing VFS overlay file...
[INSTALL_PODS] [ReactNativeCore]   Created VFS overlay at /private/var/folders/p9/98ld1dhj4szctyjcfk4s3khh0000gn/T/eas-build-local-nodejs/05259402-59fe-4257-ba62-2b703e4f9a92/build/apps/mobile/ios/Pods/React-Core-prebuilt/React-VFS.yaml
[INSTALL_PODS] [ReactNativeCore] VFS overlay setup complete
[INSTALL_PODS] [ReactNativeCore] Configuring xcconfig for prebuilt React Native Core...
[INSTALL_PODS] [ReactNativeCore] Prebuilt xcconfig configuration complete
[INSTALL_PODS] [SPM] Cleaning old SPM dependencies from Pods project
[INSTALL_PODS] [SPM] Adding SPM dependencies to Pods project
[INSTALL_PODS] [Privacy Manifest Aggregation] No existing PrivacyInfo.xcprivacy file found, creating a new one.
[INSTALL_PODS] [Privacy Manifest Aggregation] Reading .xcprivacy files to aggregate all used Required Reason APIs.
[INSTALL_PODS] file_root: triplot
[INSTALL_PODS] Setting CLANG_CXX_LANGUAGE_STANDARD to c++20 on /private/var/folders/p9/98ld1dhj4szctyjcfk4s3khh0000gn/T/eas-build-local-nodejs/05259402-59fe-4257-ba62-2b703e4f9a92/build/apps/mobile/ios/triplot.xcodeproj
[INSTALL_PODS] ==================== DEPRECATION NOTICE =====================
[INSTALL_PODS] Calling `pod install` directly is deprecated in React Native
[INSTALL_PODS] because we are moving away from Cocoapods toward alternative
[INSTALL_PODS] solutions to build the project.
[INSTALL_PODS] * If you are using Expo, please run:
[INSTALL_PODS] `npx expo run:ios`
[INSTALL_PODS] * If you are using the Community CLI, please run:
[INSTALL_PODS] `yarn ios`
[INSTALL_PODS] =============================================================
[INSTALL_PODS] Pod install took 18 [s] to run
[INSTALL_PODS] Integrating client project
[INSTALL_PODS] [!] Please close any current Xcode sessions and use `triplot.xcworkspace` for this project from now on.
[INSTALL_PODS] [Expo] Installing the build script for target triplot
[INSTALL_PODS] Pod installation complete! There are 125 dependencies from the Podfile and 133 total pods installed.
[INSTALL_PODS] [Expo-precompiled] Precompiled modules:
[INSTALL_PODS] [Expo-precompiled]   📦 ExpoFileSystem (57.0.1)
[INSTALL_PODS] [Expo-precompiled]   📦 ExpoFont (57.0.1)
[INSTALL_PODS] [Expo-precompiled]   📦 ExpoImageManipulator (57.0.7)
[INSTALL_PODS] [Expo-precompiled]       ∟ SDWebImage.xcframework (5.21.1)
[INSTALL_PODS] [Expo-precompiled]       ∟ SDWebImageWebPCoder.xcframework (0.14.6)
[INSTALL_PODS] [Expo-precompiled]   📦 ExpoLocation (57.0.7)
[INSTALL_PODS] [Expo-precompiled]   📦 ExpoModulesCore (57.0.8)
[INSTALL_PODS] [Expo-precompiled]   📦 ExpoModulesWorklets (57.0.8)
[INSTALL_PODS] [Expo] Disabling SWIFT_EMIT_MODULE_INTERFACE for pod targets (prebuilt React compatibility)
[INSTALL_PODS] [Expo-precompiled] Looking for ExpoModulesCore.xcframework at: /private/var/folders/p9/98ld1dhj4szctyjcfk4s3khh0000gn/T/eas-build-local-nodejs/05259402-59fe-4257-ba62-2b703e4f9a92/build/apps/mobile/ios/Pods/ExpoModulesCore/ExpoModulesCore.xcframework
[INSTALL_PODS] [Expo-precompiled] Adding ExpoModulesJSI header search paths to all targets
[INSTALL_PODS] [Expo] Adding '[Expo] Remove duplicate codegen output' build phase to ReactCodegen
[INSTALL_PODS] [Expo] Raised deployment target for Expo modules matching ExpoModulesCore:
[INSTALL_PODS]   ExpoAdapterGoogleSignIn (iOS=16.4)
[INSTALL_PODS] [Expo] Raised resource bundle deployment targets to match their pods: AppAuth-AppAuthCore_Privacy, GTMAppAuth-GTMAppAuth_Privacy, GTMSessionFetcher-GTMSessionFetcher_Core_Privacy, GoogleMaps-GoogleMapsResources, GoogleSignIn-GoogleSignIn, GoogleUtilities-GoogleUtilities_Privacy, PromisesObjC-FBLPromises_Privacy, PromisesSwift-Promises_Privacy, RNCAsyncStorage-RNCAsyncStorage_resources, RNSVG-RNSVGFilters
[INSTALL_PODS] [31m[!] ExpoFileSystem has added 2 script phases. Please inspect before executing a build. See `https://guides.cocoapods.org/syntax/podspec.html#script_phases` for more information.[39m
[INSTALL_PODS] [31m[!] ExpoFont has added 2 script phases. Please inspect before executing a build. See `https://guides.cocoapods.org/syntax/podspec.html#script_phases` for more information.[39m
[INSTALL_PODS] [31m[!] ExpoImageManipulator has added 2 script phases. Please inspect before executing a build. See `https://guides.cocoapods.org/syntax/podspec.html#script_phases` for more information.[39m
[INSTALL_PODS] [31m[!] ExpoLocation has added 2 script phases. Please inspect before executing a build. See `https://guides.cocoapods.org/syntax/podspec.html#script_phases` for more information.[39m
[INSTALL_PODS] [31m[!] ExpoModulesCore has added 2 script phases. Please inspect before executing a build. See `https://guides.cocoapods.org/syntax/podspec.html#script_phases` for more information.[39m
[INSTALL_PODS] [31m[!] ExpoModulesWorklets has added 2 script phases. Please inspect before executing a build. See `https://guides.cocoapods.org/syntax/podspec.html#script_phases` for more information.[39m
[INSTALL_PODS] [31m[!] React-Core-prebuilt has added 1 script phase. Please inspect before executing a build. See `https://guides.cocoapods.org/syntax/podspec.html#script_phases` for more information.[39m
[INSTALL_PODS] [31m[!] ReactNativeDependencies has added 1 script phase. Please inspect before executing a build. See `https://guides.cocoapods.org/syntax/podspec.html#script_phases` for more information.[39m
[INSTALL_PODS] [31m[!] hermes-engine has added 1 script phase. Please inspect before executing a build. See `https://guides.cocoapods.org/syntax/podspec.html#script_phases` for more information.[39m
[CONFIGURE_XCODE_PROJECT] Configuring Xcode project
[CONFIGURE_XCODE_PROJECT] Assigning provisioning profile '*[expo] app.triplot.mobile AppStore 2026-08-17T14:25:00.004Z' (Apple Team ID: D37LHZNVW3) to target 'triplot'
[CONFIGURE_XCODE_PROJECT] Updating versions in /var/folders/p9/98ld1dhj4szctyjcfk4s3khh0000gn/T/eas-build-local-nodejs/05259402-59fe-4257-ba62-2b703e4f9a92/build/apps/mobile/ios/triplot/Info.plist
[EAGER_BUNDLE] [90mUsing src/app as the root directory for Expo Router.[39m
[EAGER_BUNDLE] [90mReact Compiler enabled[39m
[EAGER_BUNDLE] [90mExpo Autolinking module resolution enabled[39m
[EAGER_BUNDLE] [2mStarting Metro Bundler[22m
[EAGER_BUNDLE] [32m[1miOS[22m Bundled [39m[2m518ms[22m[0m[2m node_modules/expo-router/entry.js (2251 modules)[22m[0m
[EAGER_BUNDLE] Writing bundle output to: /var/folders/p9/98ld1dhj4szctyjcfk4s3khh0000gn/T/6snzh62hj1m/main.jsbundle
[EAGER_BUNDLE] Copying 40 asset files
[EAGER_BUNDLE] Done writing bundle output
[RUN_FASTLANE] Creating Gymfile
[RUN_FASTLANE] Gymfile created
[RUN_FASTLANE] Successfully loaded '/private/var/folders/p9/98ld1dhj4szctyjcfk4s3khh0000gn/T/eas-build-local-nodejs/05259402-59fe-4257-ba62-2b703e4f9a92/build/apps/mobile/ios/Gymfile' 📄
[RUN_FASTLANE] 
[RUN_FASTLANE] +--------------------------------------------------------------+
[RUN_FASTLANE] |               Detected Values from './Gymfile'               |
[RUN_FASTLANE] +-----------------------+--------------------------------------+
[RUN_FASTLANE] | suppress_xcode_output | true                                 |
[RUN_FASTLANE] | clean                 | false                                |
[RUN_FASTLANE] | scheme                | triplot                              |
[RUN_FASTLANE] | configuration         | Release                              |
[RUN_FASTLANE] | export_options        | {method: "app-store",                |
[RUN_FASTLANE] |                       | provisioningProfiles:                |
[RUN_FASTLANE] |                       | {"app.triplot.mobile" =>             |
[RUN_FASTLANE] |                       | "3d3252b2-95ff-41c0-b459-65efdd046d  |
[RUN_FASTLANE] |                       | 45"}}                                |
[RUN_FASTLANE] | export_xcargs         | OTHER_CODE_SIGN_FLAGS="--keychain    |
[RUN_FASTLANE] |                       | /var/folders/p9/98ld1dhj4szctyjcfk4  |
[RUN_FASTLANE] |                       | s3khh0000gn/T/eas-build-e770c92c-af  |
[RUN_FASTLANE] |                       | 4c-401b-8772-9412552e3167.keychain"  |
[RUN_FASTLANE] | disable_xcpretty      | true                                 |
[RUN_FASTLANE] | buildlog_path         | /var/folders/p9/98ld1dhj4szctyjcfk4  |
[RUN_FASTLANE] |                       | s3khh0000gn/T/eas-build-local-nodej  |
[RUN_FASTLANE] |                       | s/05259402-59fe-4257-ba62-2b703e4f9  |
[RUN_FASTLANE] |                       | a92/logs                             |
[RUN_FASTLANE] | derived_data_path     | ./build                              |
[RUN_FASTLANE] | result_bundle         | true                                 |
[RUN_FASTLANE] | result_bundle_path    | /var/folders/p9/98ld1dhj4szctyjcfk4  |
[RUN_FASTLANE] |                       | s3khh0000gn/T/result-bundle-1789054  |
[RUN_FASTLANE] |                       | 693641.xcresult                      |
[RUN_FASTLANE] | output_directory      | ./build                              |
[RUN_FASTLANE] +-----------------------+--------------------------------------+
[RUN_FASTLANE] Resolving Swift Package Manager dependencies...
[RUN_FASTLANE] $ xcodebuild -resolvePackageDependencies -workspace ./triplot.xcworkspace -scheme triplot -configuration Release -derivedDataPath ./build
[RUN_FASTLANE] ▸ Command line invocation:
[RUN_FASTLANE] ▸     /Applications/Xcode.app/Contents/Developer/usr/bin/xcodebuild -resolvePackageDependencies -workspace ./triplot.xcworkspace -scheme triplot -configuration Release -derivedDataPath ./build
[RUN_FASTLANE] ▸ resolved source packages:
[RUN_FASTLANE] $ xcodebuild -showBuildSettings -workspace ./triplot.xcworkspace -scheme triplot -configuration Release -derivedDataPath ./build 2>&1
[RUN_FASTLANE] Detected provisioning profile mapping: {"app.triplot.mobile": "3d3252b2-95ff-41c0-b459-65efdd046d45"}
[RUN_FASTLANE] 
[RUN_FASTLANE] +-----------------------------------------------------------------------------+
[RUN_FASTLANE] |                           Summary for gym 2.237.0                           |
[RUN_FASTLANE] +--------------------------------------+--------------------------------------+
[RUN_FASTLANE] | workspace                            | ./triplot.xcworkspace                |
[RUN_FASTLANE] | scheme                               | triplot                              |
[RUN_FASTLANE] | clean                                | false                                |
[RUN_FASTLANE] | output_directory                     | ./build                              |
[RUN_FASTLANE] | output_name                          | triplot                              |
[RUN_FASTLANE] | configuration                        | Release                              |
[RUN_FASTLANE] | silent                               | false                                |
[RUN_FASTLANE] | skip_package_ipa                     | false                                |
[RUN_FASTLANE] | skip_package_pkg                     | false                                |
[RUN_FASTLANE] | export_options.method                | app-store                            |
[RUN_FASTLANE] | export_options.provisioningProfiles  | 3d3252b2-95ff-41c0-b459-65efdd046d4  |
[RUN_FASTLANE] | .app.triplot.mobile                  | 5                                    |
[RUN_FASTLANE] | export_xcargs                        | OTHER_CODE_SIGN_FLAGS="--keychain    |
[RUN_FASTLANE] |                                      | /var/folders/p9/98ld1dhj4szctyjcfk4  |
[RUN_FASTLANE] |                                      | s3khh0000gn/T/eas-build-e770c92c-af  |
[RUN_FASTLANE] |                                      | 4c-401b-8772-9412552e3167.keychain"  |
[RUN_FASTLANE] | build_path                           | /Users/shidetake/Library/Developer/  |
[RUN_FASTLANE] |                                      | Xcode/Archives/2026-09-11            |
[RUN_FASTLANE] | derived_data_path                    | ./build                              |
[RUN_FASTLANE] | result_bundle                        | true                                 |
[RUN_FASTLANE] | result_bundle_path                   | /var/folders/p9/98ld1dhj4szctyjcfk4  |
[RUN_FASTLANE] |                                      | s3khh0000gn/T/result-bundle-1789054  |
[RUN_FASTLANE] |                                      | 693641.xcresult                      |
[RUN_FASTLANE] | buildlog_path                        | /var/folders/p9/98ld1dhj4szctyjcfk4  |
[RUN_FASTLANE] |                                      | s3khh0000gn/T/eas-build-local-nodej  |
[RUN_FASTLANE] |                                      | s/05259402-59fe-4257-ba62-2b703e4f9  |
[RUN_FASTLANE] |                                      | a92/logs                             |
[RUN_FASTLANE] | destination                          | generic/platform=iOS                 |
[RUN_FASTLANE] | suppress_xcode_output                | true                                 |
[RUN_FASTLANE] | xcodebuild_formatter                 | xcpretty                             |
[RUN_FASTLANE] | build_timing_summary                 | false                                |
[RUN_FASTLANE] | disable_xcpretty                     | true                                 |
[RUN_FASTLANE] | skip_profile_detection               | false                                |
[RUN_FASTLANE] | xcodebuild_command                   | xcodebuild                           |
[RUN_FASTLANE] | skip_package_dependencies_resolutio  | false                                |
[RUN_FASTLANE] | n                                    |                                      |
[RUN_FASTLANE] | disable_package_automatic_updates    | false                                |
[RUN_FASTLANE] | skip_package_repository_fetches      | false                                |
[RUN_FASTLANE] | use_system_scm                       | false                                |
[RUN_FASTLANE] | generate_appstore_info               | false                                |
[RUN_FASTLANE] | xcode_path                           | /Applications/Xcode.app              |
[RUN_FASTLANE] +--------------------------------------+--------------------------------------+
[RUN_FASTLANE] $ set -o pipefail && xcodebuild -workspace ./triplot.xcworkspace -scheme triplot -configuration Release -derivedDataPath ./build -destination 'generic/platform=iOS' -archivePath /Users/shidetake/Library/Developer/Xcode/Archives/2026-09-11/triplot\ 2026-09-11\ 00.38.16.xcarchive -resultBundlePath '/var/folders/p9/98ld1dhj4szctyjcfk4s3khh0000gn/T/result-bundle-1789054693641.xcresult' archive | tee /var/folders/p9/98ld1dhj4szctyjcfk4s3khh0000gn/T/eas-build-local-nodejs/05259402-59fe-4257-ba62-2b703e4f9a92/logs/triplot-triplot.log > /dev/null
[RUN_FASTLANE] [37m›[39m [1mExecuting[22m [36mreact-native[39m Pods/hermes-engine » [CP-User] [Hermes] Replace Hermes for the right configuration, if needed
[RUN_FASTLANE] [37m›[39m [1mExecuting[22m [36mreact-native[39m Pods/ReactNativeDependencies » [CP-User] [RNDeps] Replace React Native Dependencies for the right configuration, if needed
[RUN_FASTLANE] [37m›[39m [1mPreparing[22m Pods/react-native-maps-GoogleMapsPrivacy » ResourceBundle-GoogleMapsPrivacy-react-native-maps-Info.plist
[RUN_FASTLANE] [37m›[39m [1mCopying  [22m ios/build/Build/Intermediates.noindex/ArchiveIntermediates/triplot/IntermediateBuildFilesPath/UninstalledProducts/iphoneos/GoogleMapsPrivacy.bundle/GoogleMapsPrivacy.bundle ➜ [2m../../../../../../private/var/folders/p9/98ld1dhj4szctyjcfk4s3khh0000gn/T/eas-build-local-nodejs/05259402-59fe-4257-ba62-2b703e4f9a92/build/node_modules/react-native-maps/ios/AirGoogleMaps/Resources/[22mGoogleMapsPrivacy.bundle
[RUN_FASTLANE] [37m›[39m [1mPreparing[22m Pods/React-timing-React-timing_privacy » ResourceBundle-React-timing_privacy-React-timing-Info.plist
[RUN_FASTLANE] [37m›[39m [1mCopying  [22m ios/build/Build/Intermediates.noindex/ArchiveIntermediates/triplot/IntermediateBuildFilesPath/UninstalledProducts/iphoneos/React-timing_privacy.bundle/PrivacyInfo.xcprivacy ➜ [2m../../../../../../var/folders/p9/98ld1dhj4szctyjcfk4s3khh0000gn/T/eas-build-local-nodejs/05259402-59fe-4257-ba62-2b703e4f9a92/build/apps/mobile/node_modules/react-native/ReactCommon/react/timing/[22mPrivacyInfo.xcprivacy
[RUN_FASTLANE] [37m›[39m [1mPreparing[22m Pods/React-cxxreact-React-cxxreact_privacy » ResourceBundle-React-cxxreact_privacy-React-cxxreact-Info.plist
[RUN_FASTLANE] [37m›[39m [1mCopying  [22m ios/build/Build/Intermediates.noindex/ArchiveIntermediates/triplot/IntermediateBuildFilesPath/UninstalledProducts/iphoneos/React-cxxreact_privacy.bundle/PrivacyInfo.xcprivacy ➜ [2m../../../../../../var/folders/p9/98ld1dhj4szctyjcfk4s3khh0000gn/T/eas-build-local-nodejs/05259402-59fe-4257-ba62-2b703e4f9a92/build/apps/mobile/node_modules/react-native/ReactCommon/cxxreact/[22mPrivacyInfo.xcprivacy
[RUN_FASTLANE] [37m›[39m [1mPreparing[22m Pods/React-Core-React-Core_privacy » ResourceBundle-React-Core_privacy-React-Core-Info.plist
[RUN_FASTLANE] [37m›[39m [1mCopying  [22m ios/build/Build/Intermediates.noindex/ArchiveIntermediates/triplot/IntermediateBuildFilesPath/UninstalledProducts/iphoneos/React-Core_privacy.bundle/PrivacyInfo.xcprivacy ➜ [2m../../../../../../var/folders/p9/98ld1dhj4szctyjcfk4s3khh0000gn/T/eas-build-local-nodejs/05259402-59fe-4257-ba62-2b703e4f9a92/build/apps/mobile/node_modules/react-native/React/Resources/[22mPrivacyInfo.xcprivacy
[RUN_FASTLANE] [37m›[39m [1mCreating [22m Pods/react-native-maps-GoogleMapsPrivacy » GoogleMapsPrivacy.bundle
[RUN_FASTLANE] [37m›[39m [1mPreparing[22m Pods/RNSVG-RNSVGFilters » ResourceBundle-RNSVGFilters-RNSVG-Info.plist
[RUN_FASTLANE] [37m›[39m [1mCopying  [22m ios/build/Build/Intermediates.noindex/ArchiveIntermediates/triplot/IntermediateBuildFilesPath/UninstalledProducts/iphoneos/RNSVGFilters.bundle/RNSVGCompositeXor.iphoneos.metallib ➜ [2m../../../../../../var/folders/p9/98ld1dhj4szctyjcfk4s3khh0000gn/T/eas-build-local-nodejs/05259402-59fe-4257-ba62-2b703e4f9a92/build/node_modules/react-native-svg/apple/Filters/MetalCI/[22mRNSVGCompositeXor.iphoneos.metallib
[RUN_FASTLANE] [37m›[39m [1mCopying  [22m ios/build/Build/Intermediates.noindex/ArchiveIntermediates/triplot/IntermediateBuildFilesPath/UninstalledProducts/iphoneos/RNSVGFilters.bundle/RNSVGArithmeticFilter.iphoneos.metallib ➜ [2m../../../../../../var/folders/p9/98ld1dhj4szctyjcfk4s3khh0000gn/T/eas-build-local-nodejs/05259402-59fe-4257-ba62-2b703e4f9a92/build/node_modules/react-native-svg/apple/Filters/MetalCI/[22mRNSVGArithmeticFilter.iphoneos.metallib
[RUN_FASTLANE] [37m›[39m [1mCreating [22m Pods/React-timing-React-timing_privacy » React-timing_privacy.bundle
[RUN_FASTLANE] [37m›[39m [1mCreating [22m Pods/React-cxxreact-React-cxxreact_privacy » React-cxxreact_privacy.bundle
[RUN_FASTLANE] [37m›[39m [1mPreparing[22m Pods/RNCAsyncStorage-RNCAsyncStorage_resources » ResourceBundle-RNCAsyncStorage_resources-RNCAsyncStorage-Info.plist
[RUN_FASTLANE] [37m›[39m [1mCopying  [22m ios/build/Build/Intermediates.noindex/ArchiveIntermediates/triplot/IntermediateBuildFilesPath/UninstalledProducts/iphoneos/RNCAsyncStorage_resources.bundle/PrivacyInfo.xcprivacy ➜ [2m../../../../../../var/folders/p9/98ld1dhj4szctyjcfk4s3khh0000gn/T/eas-build-local-nodejs/05259402-59fe-4257-ba62-2b703e4f9a92/build/node_modules/@react-native-async-storage/async-storage/ios/[22mPrivacyInfo.xcprivacy
[RUN_FASTLANE] [37m›[39m [1mPreparing[22m Pods/PromisesSwift-Promises_Privacy » ResourceBundle-Promises_Privacy-PromisesSwift-Info.plist
[RUN_FASTLANE] [37m›[39m [1mCopying  [22m ios/build/Build/Intermediates.noindex/ArchiveIntermediates/triplot/IntermediateBuildFilesPath/UninstalledProducts/iphoneos/Promises_Privacy.bundle/PrivacyInfo.xcprivacy ➜ [2m../../../../../../var/folders/p9/98ld1dhj4szctyjcfk4s3khh0000gn/T/eas-build-local-nodejs/05259402-59fe-4257-ba62-2b703e4f9a92/build/apps/mobile/ios/Pods/PromisesSwift/Sources/Promises/Resources/[22mPrivacyInfo.xcprivacy
[RUN_FASTLANE] [37m›[39m [1mPreparing[22m Pods/PromisesObjC-FBLPromises_Privacy » ResourceBundle-FBLPromises_Privacy-PromisesObjC-Info.plist
[RUN_FASTLANE] [37m›[39m [1mCopying  [22m ios/build/Build/Intermediates.noindex/ArchiveIntermediates/triplot/IntermediateBuildFilesPath/UninstalledProducts/iphoneos/FBLPromises_Privacy.bundle/PrivacyInfo.xcprivacy ➜ [2m../../../../../../var/folders/p9/98ld1dhj4szctyjcfk4s3khh0000gn/T/eas-build-local-nodejs/05259402-59fe-4257-ba62-2b703e4f9a92/build/apps/mobile/ios/Pods/PromisesObjC/Sources/FBLPromises/Resources/[22mPrivacyInfo.xcprivacy
[RUN_FASTLANE] [37m›[39m [1mCreating [22m Pods/React-Core-React-Core_privacy » React-Core_privacy.bundle
[RUN_FASTLANE] [37m›[39m [1mPreparing[22m Pods/GoogleUtilities-GoogleUtilities_Privacy » ResourceBundle-GoogleUtilities_Privacy-GoogleUtilities-Info.plist
[RUN_FASTLANE] [37m›[39m [1mCopying  [22m ios/build/Build/Intermediates.noindex/ArchiveIntermediates/triplot/IntermediateBuildFilesPath/UninstalledProducts/iphoneos/GoogleUtilities_Privacy.bundle/PrivacyInfo.xcprivacy ➜ [2m../../../../../../var/folders/p9/98ld1dhj4szctyjcfk4s3khh0000gn/T/eas-build-local-nodejs/05259402-59fe-4257-ba62-2b703e4f9a92/build/apps/mobile/ios/Pods/GoogleUtilities/GoogleUtilities/Privacy/Resources/[22mPrivacyInfo.xcprivacy
[RUN_FASTLANE] [37m›[39m [1mCreating [22m Pods/RNSVG-RNSVGFilters » RNSVGFilters.bundle
[RUN_FASTLANE] [37m›[39m [1mExecuting[22m [36mreact-native[39m Pods/hermes-engine » [CP] Copy XCFrameworks
[RUN_FASTLANE] [37m›[39m [1mExecuting[22m [36mreact-native[39m Pods/ReactNativeDependencies » [CP] Copy XCFrameworks
[RUN_FASTLANE] [37m›[39m [1mCreating [22m Pods/RNCAsyncStorage-RNCAsyncStorage_resources » RNCAsyncStorage_resources.bundle
[RUN_FASTLANE] [37m›[39m [1mCreating [22m Pods/PromisesSwift-Promises_Privacy » Promises_Privacy.bundle
[RUN_FASTLANE] [37m›[39m [1mCreating [22m Pods/PromisesObjC-FBLPromises_Privacy » FBLPromises_Privacy.bundle
[RUN_FASTLANE] [37m›[39m [1mCreating [22m Pods/GoogleUtilities-GoogleUtilities_Privacy » GoogleUtilities_Privacy.bundle
[RUN_FASTLANE] [37m›[39m [1mPreparing[22m [36m@react-native-google-signin/google-signin[39m Pods/GoogleSignIn-GoogleSignIn » ResourceBundle-GoogleSignIn-GoogleSignIn-Info.plist
[RUN_FASTLANE] [37m›[39m [1mCopying  [22m [36m@react-native-google-signin/google-signin[39m ios/build/Build/Intermediates.noindex/ArchiveIntermediates/triplot/IntermediateBuildFilesPath/UninstalledProducts/iphoneos/GoogleSignIn.bundle/zh_TW.lproj ➜ [2m../../../../../../var/folders/p9/98ld1dhj4szctyjcfk4s3khh0000gn/T/eas-build-local-nodejs/05259402-59fe-4257-ba62-2b703e4f9a92/build/apps/mobile/ios/Pods/GoogleSignIn/GoogleSignIn/Sources/Strings/[22mzh_TW.lproj
[RUN_FASTLANE] [37m›[39m [1mCopying  [22m [36m@react-native-google-signin/google-signin[39m ios/build/Build/Intermediates.noindex/ArchiveIntermediates/triplot/IntermediateBuildFilesPath/UninstalledProducts/iphoneos/GoogleSignIn.bundle/zh_CN.lproj ➜ [2m../../../../../../var/folders/p9/98ld1dhj4szctyjcfk4s3khh0000gn/T/eas-build-local-nodejs/05259402-59fe-4257-ba62-2b703e4f9a92/build/apps/mobile/ios/Pods/GoogleSignIn/GoogleSignIn/Sources/Strings/[22mzh_CN.lproj
[RUN_FASTLANE] [37m›[39m [1mCopying  [22m [36m@react-native-google-signin/google-signin[39m ios/build/Build/Intermediates.noindex/ArchiveIntermediates/triplot/IntermediateBuildFilesPath/UninstalledProducts/iphoneos/GoogleSignIn.bundle/vi.lproj ➜ [2m../../../../../../var/folders/p9/98ld1dhj4szctyjcfk4s3khh0000gn/T/eas-build-local-nodejs/05259402-59fe-4257-ba62-2b703e4f9a92/build/apps/mobile/ios/Pods/GoogleSignIn/GoogleSignIn/Sources/Strings/[22mvi.lproj
[RUN_FASTLANE] [37m›[39m [1mCopying  [22m [36m@react-native-google-signin/google-signin[39m ios/build/Build/Intermediates.noindex/ArchiveIntermediates/triplot/IntermediateBuildFilesPath/UninstalledProducts/iphoneos/GoogleSignIn.bundle/uk.lproj ➜ [2m../../../../../../var/folders/p9/98ld1dhj4szctyjcfk4s3khh0000gn/T/eas-build-local-nodejs/05259402-59fe-4257-ba62-2b703e4f9a92/build/apps/mobile/ios/Pods/GoogleSignIn/GoogleSignIn/Sources/Strings/[22muk.lproj
[RUN_FASTLANE] [37m›[39m [1mCopying  [22m [36m@react-native-google-signin/google-signin[39m ios/build/Build/Intermediates.noindex/ArchiveIntermediates/triplot/IntermediateBuildFilesPath/UninstalledProducts/iphoneos/GoogleSignIn.bundle/tr.lproj ➜ [2m../../../../../../var/folders/p9/98ld1dhj4szctyjcfk4s3khh0000gn/T/eas-build-local-nodejs/05259402-59fe-4257-ba62-2b703e4f9a92/build/apps/mobile/ios/Pods/GoogleSignIn/GoogleSignIn/Sources/Strings/[22mtr.lproj
[RUN_FASTLANE] [37m›[39m [1mCopying  [22m [36m@react-native-google-signin/google-signin[39m ios/build/Build/Intermediates.noindex/ArchiveIntermediates/triplot/IntermediateBuildFilesPath/UninstalledProducts/iphoneos/GoogleSignIn.bundle/th.lproj ➜ [2m../../../../../../var/folders/p9/98ld1dhj4szctyjcfk4s3khh0000gn/T/eas-build-local-nodejs/05259402-59fe-4257-ba62-2b703e4f9a92/build/apps/mobile/ios/Pods/GoogleSignIn/GoogleSignIn/Sources/Strings/[22mth.lproj
[RUN_FASTLANE] [37m›[39m [1mCopying  [22m [36m@react-native-google-signin/google-signin[39m ios/build/Build/Intermediates.noindex/ArchiveIntermediates/triplot/IntermediateBuildFilesPath/UninstalledProducts/iphoneos/GoogleSignIn.bundle/sv.lproj ➜ [2m../../../../../../var/folders/p9/98ld1dhj4szctyjcfk4s3khh0000gn/T/eas-build-local-nodejs/05259402-59fe-4257-ba62-2b703e4f9a92/build/apps/mobile/ios/Pods/GoogleSignIn/GoogleSignIn/Sources/Strings/[22msv.lproj
[RUN_FASTLANE] [37m›[39m [1mCopying  [22m [36m@react-native-google-signin/google-signin[39m ios/build/Build/Intermediates.noindex/ArchiveIntermediates/triplot/IntermediateBuildFilesPath/UninstalledProducts/iphoneos/GoogleSignIn.bundle/sk.lproj ➜ [2m../../../../../../var/folders/p9/98ld1dhj4szctyjcfk4s3khh0000gn/T/eas-build-local-nodejs/05259402-59fe-4257-ba62-2b703e4f9a92/build/apps/mobile/ios/Pods/GoogleSignIn/GoogleSignIn/Sources/Strings/[22msk.lproj
[RUN_FASTLANE] [37m›[39m [1mCopying  [22m [36m@react-native-google-signin/google-signin[39m ios/build/Build/Intermediates.noindex/ArchiveIntermediates/triplot/IntermediateBuildFilesPath/UninstalledProducts/iphoneos/GoogleSignIn.bundle/ru.lproj ➜ [2m../../../../../../var/folders/p9/98ld1dhj4szctyjcfk4s3khh0000gn/T/eas-build-local-nodejs/05259402-59fe-4257-ba62-2b703e4f9a92/build/apps/mobile/ios/Pods/GoogleSignIn/GoogleSignIn/Sources/Strings/[22mru.lproj
[RUN_FASTLANE] [37m›[39m [1mCopying  [22m [36m@react-native-google-signin/google-signin[39m ios/build/Build/Intermediates.noindex/ArchiveIntermediates/triplot/IntermediateBuildFilesPath/UninstalledProducts/iphoneos/GoogleSignIn.bundle/ro.lproj ➜ [2m../../../../../../var/folders/p9/98ld1dhj4szctyjcfk4s3khh0000gn/T/eas-build-local-nodejs/05259402-59fe-4257-ba62-2b703e4f9a92/build/apps/mobile/ios/Pods/GoogleSignIn/GoogleSignIn/Sources/Strings/[22mro.lproj
[RUN_FASTLANE] [37m›[39m [1mCopying  [22m [36m@react-native-google-signin/google-signin[39m ios/build/Build/Intermediates.noindex/ArchiveIntermediates/triplot/IntermediateBuildFilesPath/UninstalledProducts/iphoneos/GoogleSignIn.bundle/pt_PT.lproj ➜ [2m../../../../../../var/folders/p9/98ld1dhj4szctyjcfk4s3khh0000gn/T/eas-build-local-nodejs/05259402-59fe-4257-ba62-2b703e4f9a92/build/apps/mobile/ios/Pods/GoogleSignIn/GoogleSignIn/Sources/Strings/[22mpt_PT.lproj
[RUN_FASTLANE] [37m›[39m [1mCopying  [22m [36m@react-native-google-signin/google-signin[39m ios/build/Build/Intermediates.noindex/ArchiveIntermediates/triplot/IntermediateBuildFilesPath/UninstalledProducts/iphoneos/GoogleSignIn.bundle/pt_BR.lproj ➜ [2m../../../../../../var/folders/p9/98ld1dhj4szctyjcfk4s3khh0000gn/T/eas-build-local-nodejs/05259402-59fe-4257-ba62-2b703e4f9a92/build/apps/mobile/ios/Pods/GoogleSignIn/GoogleSignIn/Sources/Strings/[22mpt_BR.lproj
[RUN_FASTLANE] [37m›[39m [1mCopying  [22m [36m@react-native-google-signin/google-signin[39m ios/build/Build/Intermediates.noindex/ArchiveIntermediates/triplot/IntermediateBuildFilesPath/UninstalledProducts/iphoneos/GoogleSignIn.bundle/pt.lproj ➜ [2m../../../../../../var/folders/p9/98ld1dhj4szctyjcfk4s3khh0000gn/T/eas-build-local-nodejs/05259402-59fe-4257-ba62-2b703e4f9a92/build/apps/mobile/ios/Pods/GoogleSignIn/GoogleSignIn/Sources/Strings/[22mpt.lproj
[RUN_FASTLANE] [37m›[39m [1mCopying  [22m [36m@react-native-google-signin/google-signin[39m ios/build/Build/Intermediates.noindex/ArchiveIntermediates/triplot/IntermediateBuildFilesPath/UninstalledProducts/iphoneos/GoogleSignIn.bundle/pl.lproj ➜ [2m../../../../../../var/folders/p9/98ld1dhj4szctyjcfk4s3khh0000gn/T/eas-build-local-nodejs/05259402-59fe-4257-ba62-2b703e4f9a92/build/apps/mobile/ios/Pods/GoogleSignIn/GoogleSignIn/Sources/Strings/[22mpl.lproj
[RUN_FASTLANE] [37m›[39m [1mCopying  [22m [36m@react-native-google-signin/google-signin[39m ios/build/Build/Intermediates.noindex/ArchiveIntermediates/triplot/IntermediateBuildFilesPath/UninstalledProducts/iphoneos/GoogleSignIn.bundle/nl.lproj ➜ [2m../../../../../../var/folders/p9/98ld1dhj4szctyjcfk4s3khh0000gn/T/eas-build-local-nodejs/05259402-59fe-4257-ba62-2b703e4f9a92/build/apps/mobile/ios/Pods/GoogleSignIn/GoogleSignIn/Sources/Strings/[22mnl.lproj
[RUN_FASTLANE] [37m›[39m [1mCopying  [22m [36m@react-native-google-signin/google-signin[39m ios/build/Build/Intermediates.noindex/ArchiveIntermediates/triplot/IntermediateBuildFilesPath/UninstalledProducts/iphoneos/GoogleSignIn.bundle/nb.lproj ➜ [2m../../../../../../var/folders/p9/98ld1dhj4szctyjcfk4s3khh0000gn/T/eas-build-local-nodejs/05259402-59fe-4257-ba62-2b703e4f9a92/build/apps/mobile/ios/Pods/GoogleSignIn/GoogleSignIn/Sources/Strings/[22mnb.lproj
[RUN_FASTLANE] [37m›[39m [1mCopying  [22m [36m@react-native-google-signin/google-signin[39m ios/build/Build/Intermediates.noindex/ArchiveIntermediates/triplot/IntermediateBuildFilesPath/UninstalledProducts/iphoneos/GoogleSignIn.bundle/ms.lproj ➜ [2m../../../../../../var/folders/p9/98ld1dhj4szctyjcfk4s3khh0000gn/T/eas-build-local-nodejs/05259402-59fe-4257-ba62-2b703e4f9a92/build/apps/mobile/ios/Pods/GoogleSignIn/GoogleSignIn/Sources/Strings/[22mms.lproj
[RUN_FASTLANE] [37m›[39m [1mCopying  [22m [36m@react-native-google-signin/google-signin[39m ios/build/Build/Intermediates.noindex/ArchiveIntermediates/triplot/IntermediateBuildFilesPath/UninstalledProducts/iphoneos/GoogleSignIn.bundle/ko.lproj ➜ [2m../../../../../../var/folders/p9/98ld1dhj4szctyjcfk4s3khh0000gn/T/eas-build-local-nodejs/05259402-59fe-4257-ba62-2b703e4f9a92/build/apps/mobile/ios/Pods/GoogleSignIn/GoogleSignIn/Sources/Strings/[22mko.lproj
[RUN_FASTLANE] [37m›[39m [1mCopying  [22m [36m@react-native-google-signin/google-signin[39m ios/build/Build/Intermediates.noindex/ArchiveIntermediates/triplot/IntermediateBuildFilesPath/UninstalledProducts/iphoneos/GoogleSignIn.bundle/ja.lproj ➜ [2m../../../../../../var/folders/p9/98ld1dhj4szctyjcfk4s3khh0000gn/T/eas-build-local-nodejs/05259402-59fe-4257-ba62-2b703e4f9a92/build/apps/mobile/ios/Pods/GoogleSignIn/GoogleSignIn/Sources/Strings/[22mja.lproj
[RUN_FASTLANE] [37m›[39m [1mCopying  [22m [36m@react-native-google-signin/google-signin[39m ios/build/Build/Intermediates.noindex/ArchiveIntermediates/triplot/IntermediateBuildFilesPath/UninstalledProducts/iphoneos/GoogleSignIn.bundle/it.lproj ➜ [2m../../../../../../var/folders/p9/98ld1dhj4szctyjcfk4s3khh0000gn/T/eas-build-local-nodejs/05259402-59fe-4257-ba62-2b703e4f9a92/build/apps/mobile/ios/Pods/GoogleSignIn/GoogleSignIn/Sources/Strings/[22mit.lproj
[RUN_FASTLANE] [37m›[39m [1mCopying  [22m [36m@react-native-google-signin/google-signin[39m ios/build/Build/Intermediates.noindex/ArchiveIntermediates/triplot/IntermediateBuildFilesPath/UninstalledProducts/iphoneos/GoogleSignIn.bundle/id.lproj ➜ [2m../../../../../../var/folders/p9/98ld1dhj4szctyjcfk4s3khh0000gn/T/eas-build-local-nodejs/05259402-59fe-4257-ba62-2b703e4f9a92/build/apps/mobile/ios/Pods/GoogleSignIn/GoogleSignIn/Sources/Strings/[22mid.lproj
[RUN_FASTLANE] [37m›[39m [1mCopying  [22m [36m@react-native-google-signin/google-signin[39m ios/build/Build/Intermediates.noindex/ArchiveIntermediates/triplot/IntermediateBuildFilesPath/UninstalledProducts/iphoneos/GoogleSignIn.bundle/hu.lproj ➜ [2m../../../../../../var/folders/p9/98ld1dhj4szctyjcfk4s3khh0000gn/T/eas-build-local-nodejs/05259402-59fe-4257-ba62-2b703e4f9a92/build/apps/mobile/ios/Pods/GoogleSignIn/GoogleSignIn/Sources/Strings/[22mhu.lproj
[RUN_FASTLANE] [37m›[39m [1mCopying  [22m [36m@react-native-google-signin/google-signin[39m ios/build/Build/Intermediates.noindex/ArchiveIntermediates/triplot/IntermediateBuildFilesPath/UninstalledProducts/iphoneos/GoogleSignIn.bundle/hr.lproj ➜ [2m../../../../../../var/folders/p9/98ld1dhj4szctyjcfk4s3khh0000gn/T/eas-build-local-nodejs/05259402-59fe-4257-ba62-2b703e4f9a92/build/apps/mobile/ios/Pods/GoogleSignIn/GoogleSignIn/Sources/Strings/[22mhr.lproj
[RUN_FASTLANE] [37m›[39m [1mCopying  [22m [36m@react-native-google-signin/google-signin[39m ios/build/Build/Intermediates.noindex/ArchiveIntermediates/triplot/IntermediateBuildFilesPath/UninstalledProducts/iphoneos/GoogleSignIn.bundle/hi.lproj ➜ [2m../../../../../../var/folders/p9/98ld1dhj4szctyjcfk4s3khh0000gn/T/eas-build-local-nodejs/05259402-59fe-4257-ba62-2b703e4f9a92/build/apps/mobile/ios/Pods/GoogleSignIn/GoogleSignIn/Sources/Strings/[22mhi.lproj
[RUN_FASTLANE] [37m›[39m [1mCopying  [22m [36m@react-native-google-signin/google-signin[39m ios/build/Build/Intermediates.noindex/ArchiveIntermediates/triplot/IntermediateBuildFilesPath/UninstalledProducts/iphoneos/GoogleSignIn.bundle/he.lproj ➜ [2m../../../../../../var/folders/p9/98ld1dhj4szctyjcfk4s3khh0000gn/T/eas-build-local-nodejs/05259402-59fe-4257-ba62-2b703e4f9a92/build/apps/mobile/ios/Pods/GoogleSignIn/GoogleSignIn/Sources/Strings/[22mhe.lproj
[RUN_FASTLANE] [37m›[39m [1mCopying  [22m [36m@react-native-google-signin/google-signin[39m ios/build/Build/Intermediates.noindex/ArchiveIntermediates/triplot/IntermediateBuildFilesPath/UninstalledProducts/iphoneos/GoogleSignIn.bundle/fr_CA.lproj ➜ [2m../../../../../../var/folders/p9/98ld1dhj4szctyjcfk4s3khh0000gn/T/eas-build-local-nodejs/05259402-59fe-4257-ba62-2b703e4f9a92/build/apps/mobile/ios/Pods/GoogleSignIn/GoogleSignIn/Sources/Strings/[22mfr_CA.lproj
[RUN_FASTLANE] [37m›[39m [1mCopying  [22m [36m@react-native-google-signin/google-signin[39m ios/build/Build/Intermediates.noindex/ArchiveIntermediates/triplot/IntermediateBuildFilesPath/UninstalledProducts/iphoneos/GoogleSignIn.bundle/fr.lproj ➜ [2m../../../../../../var/folders/p9/98ld1dhj4szctyjcfk4s3khh0000gn/T/eas-build-local-nodejs/05259402-59fe-4257-ba62-2b703e4f9a92/build/apps/mobile/ios/Pods/GoogleSignIn/GoogleSignIn/Sources/Strings/[22mfr.lproj
[RUN_FASTLANE] [37m›[39m [1mCopying  [22m [36m@react-native-google-signin/google-signin[39m ios/build/Build/Intermediates.noindex/ArchiveIntermediates/triplot/IntermediateBuildFilesPath/UninstalledProducts/iphoneos/GoogleSignIn.bundle/fi.lproj ➜ [2m../../../../../../var/folders/p9/98ld1dhj4szctyjcfk4s3khh0000gn/T/eas-build-local-nodejs/05259402-59fe-4257-ba62-2b703e4f9a92/build/apps/mobile/ios/Pods/GoogleSignIn/GoogleSignIn/Sources/Strings/[22mfi.lproj
[RUN_FASTLANE] [37m›[39m [1mCopying  [22m [36m@react-native-google-signin/google-signin[39m ios/build/Build/Intermediates.noindex/ArchiveIntermediates/triplot/IntermediateBuildFilesPath/UninstalledProducts/iphoneos/GoogleSignIn.bundle/es_MX.lproj ➜ [2m../../../../../../var/folders/p9/98ld1dhj4szctyjcfk4s3khh0000gn/T/eas-build-local-nodejs/05259402-59fe-4257-ba62-2b703e4f9a92/build/apps/mobile/ios/Pods/GoogleSignIn/GoogleSignIn/Sources/Strings/[22mes_MX.lproj
[RUN_FASTLANE] [37m›[39m [1mCopying  [22m [36m@react-native-google-signin/google-signin[39m ios/build/Build/Intermediates.noindex/ArchiveIntermediates/triplot/IntermediateBuildFilesPath/UninstalledProducts/iphoneos/GoogleSignIn.bundle/es.lproj ➜ [2m../../../../../../var/folders/p9/98ld1dhj4szctyjcfk4s3khh0000gn/T/eas-build-local-nodejs/05259402-59fe-4257-ba62-2b703e4f9a92/build/apps/mobile/ios/Pods/GoogleSignIn/GoogleSignIn/Sources/Strings/[22mes.lproj
[RUN_FASTLANE] [37m›[39m [1mCopying  [22m [36m@react-native-google-signin/google-signin[39m ios/build/Build/Intermediates.noindex/ArchiveIntermediates/triplot/IntermediateBuildFilesPath/UninstalledProducts/iphoneos/GoogleSignIn.bundle/en_GB.lproj ➜ [2m../../../../../../var/folders/p9/98ld1dhj4szctyjcfk4s3khh0000gn/T/eas-build-local-nodejs/05259402-59fe-4257-ba62-2b703e4f9a92/build/apps/mobile/ios/Pods/GoogleSignIn/GoogleSignIn/Sources/Strings/[22men_GB.lproj
[RUN_FASTLANE] [37m›[39m [1mCopying  [22m [36m@react-native-google-signin/google-signin[39m ios/build/Build/Intermediates.noindex/ArchiveIntermediates/triplot/IntermediateBuildFilesPath/UninstalledProducts/iphoneos/GoogleSignIn.bundle/en.lproj ➜ [2m../../../../../../var/folders/p9/98ld1dhj4szctyjcfk4s3khh0000gn/T/eas-build-local-nodejs/05259402-59fe-4257-ba62-2b703e4f9a92/build/apps/mobile/ios/Pods/GoogleSignIn/GoogleSignIn/Sources/Strings/[22men.lproj
[RUN_FASTLANE] [37m›[39m [1mCopying  [22m [36m@react-native-google-signin/google-signin[39m ios/build/Build/Intermediates.noindex/ArchiveIntermediates/triplot/IntermediateBuildFilesPath/UninstalledProducts/iphoneos/GoogleSignIn.bundle/el.lproj ➜ [2m../../../../../../var/folders/p9/98ld1dhj4szctyjcfk4s3khh0000gn/T/eas-build-local-nodejs/05259402-59fe-4257-ba62-2b703e4f9a92/build/apps/mobile/ios/Pods/GoogleSignIn/GoogleSignIn/Sources/Strings/[22mel.lproj
[RUN_FASTLANE] [37m›[39m [1mCopying  [22m [36m@react-native-google-signin/google-signin[39m ios/build/Build/Intermediates.noindex/ArchiveIntermediates/triplot/IntermediateBuildFilesPath/UninstalledProducts/iphoneos/GoogleSignIn.bundle/de.lproj ➜ [2m../../../../../../var/folders/p9/98ld1dhj4szctyjcfk4s3khh0000gn/T/eas-build-local-nodejs/05259402-59fe-4257-ba62-2b703e4f9a92/build/apps/mobile/ios/Pods/GoogleSignIn/GoogleSignIn/Sources/Strings/[22mde.lproj
[RUN_FASTLANE] [37m›[39m [1mCopying  [22m [36m@react-native-google-signin/google-signin[39m ios/build/Build/Intermediates.noindex/ArchiveIntermediates/triplot/IntermediateBuildFilesPath/UninstalledProducts/iphoneos/GoogleSignIn.bundle/da.lproj ➜ [2m../../../../../../var/folders/p9/98ld1dhj4szctyjcfk4s3khh0000gn/T/eas-build-local-nodejs/05259402-59fe-4257-ba62-2b703e4f9a92/build/apps/mobile/ios/Pods/GoogleSignIn/GoogleSignIn/Sources/Strings/[22mda.lproj
[RUN_FASTLANE] [37m›[39m [1mCopying  [22m [36m@react-native-google-signin/google-signin[39m ios/build/Build/Intermediates.noindex/ArchiveIntermediates/triplot/IntermediateBuildFilesPath/UninstalledProducts/iphoneos/GoogleSignIn.bundle/cs.lproj ➜ [2m../../../../../../var/folders/p9/98ld1dhj4szctyjcfk4s3khh0000gn/T/eas-build-local-nodejs/05259402-59fe-4257-ba62-2b703e4f9a92/build/apps/mobile/ios/Pods/GoogleSignIn/GoogleSignIn/Sources/Strings/[22mcs.lproj
[RUN_FASTLANE] [37m›[39m [1mCopying  [22m [36m@react-native-google-signin/google-signin[39m ios/build/Build/Intermediates.noindex/ArchiveIntermediates/triplot/IntermediateBuildFilesPath/UninstalledProducts/iphoneos/GoogleSignIn.bundle/ca.lproj ➜ [2m../../../../../../var/folders/p9/98ld1dhj4szctyjcfk4s3khh0000gn/T/eas-build-local-nodejs/05259402-59fe-4257-ba62-2b703e4f9a92/build/apps/mobile/ios/Pods/GoogleSignIn/GoogleSignIn/Sources/Strings/[22mca.lproj
[RUN_FASTLANE] [37m›[39m [1mCopying  [22m [36m@react-native-google-signin/google-signin[39m ios/build/Build/Intermediates.noindex/ArchiveIntermediates/triplot/IntermediateBuildFilesPath/UninstalledProducts/iphoneos/GoogleSignIn.bundle/ar.lproj ➜ [2m../../../../../../var/folders/p9/98ld1dhj4szctyjcfk4s3khh0000gn/T/eas-build-local-nodejs/05259402-59fe-4257-ba62-2b703e4f9a92/build/apps/mobile/ios/Pods/GoogleSignIn/GoogleSignIn/Sources/Strings/[22mar.lproj
[RUN_FASTLANE] [37m›[39m [1mCopying  [22m [36m@react-native-google-signin/google-signin[39m ios/build/Build/Intermediates.noindex/ArchiveIntermediates/triplot/IntermediateBuildFilesPath/UninstalledProducts/iphoneos/GoogleSignIn.bundle/Roboto-Bold.ttf ➜ [2m../../../../../../var/folders/p9/98ld1dhj4szctyjcfk4s3khh0000gn/T/eas-build-local-nodejs/05259402-59fe-4257-ba62-2b703e4f9a92/build/apps/mobile/ios/Pods/GoogleSignIn/GoogleSignIn/Sources/Resources/[22mRoboto-Bold.ttf
[RUN_FASTLANE] [37m›[39m [1mCopying  [22m [36m@react-native-google-signin/google-signin[39m ios/build/Build/Intermediates.noindex/ArchiveIntermediates/triplot/IntermediateBuildFilesPath/UninstalledProducts/iphoneos/GoogleSignIn.bundle/PrivacyInfo.xcprivacy ➜ [2m../../../../../../var/folders/p9/98ld1dhj4szctyjcfk4s3khh0000gn/T/eas-build-local-nodejs/05259402-59fe-4257-ba62-2b703e4f9a92/build/apps/mobile/ios/Pods/GoogleSignIn/GoogleSignIn/Sources/Resources/[22mPrivacyInfo.xcprivacy
[RUN_FASTLANE] [37m›[39m [1mCompiling[22m [36m@react-native-google-signin/google-signin[39m Pods/PromisesObjC » PromisesObjC-dummy.m
[RUN_FASTLANE] [37m›[39m [1mCompiling[22m [36m@react-native-google-signin/google-signin[39m Pods/PromisesObjC » FBLPromiseError.m
[RUN_FASTLANE] [37m›[39m [1mCompiling[22m [36m@react-native-google-signin/google-signin[39m Pods/PromisesObjC » FBLPromise.m
[RUN_FASTLANE] [37m›[39m [1mCompiling[22m [36m@react-native-google-signin/google-signin[39m Pods/PromisesObjC » FBLPromise+Wrap.m
[RUN_FASTLANE] [37m›[39m [1mCompiling[22m [36m@react-native-google-signin/google-signin[39m Pods/PromisesObjC » FBLPromise+Validate.m
[RUN_FASTLANE] [37m›[39m [1mCompiling[22m [36m@react-native-google-signin/google-signin[39m Pods/PromisesObjC » FBLPromise+Timeout.m
[RUN_FASTLANE] [37m›[39m [1mCompiling[22m [36m@react-native-google-signin/google-signin[39m Pods/PromisesObjC » FBLPromise+Then.m
[RUN_FASTLANE] [37m›[39m [1mCompiling[22m [36m@react-native-google-signin/google-signin[39m Pods/PromisesObjC » FBLPromise+Testing.m
[RUN_FASTLANE] [37m›[39m [1mCompiling[22m [36m@react-native-google-signin/google-signin[39m Pods/PromisesObjC » FBLPromise+Retry.m
[RUN_FASTLANE] [37m›[39m [1mCompiling[22m [36m@react-native-google-signin/google-signin[39m Pods/PromisesObjC » FBLPromise+Reduce.m
[RUN_FASTLANE] [37m›[39m [1mCompiling[22m [36m@react-native-google-signin/google-signin[39m Pods/PromisesObjC » FBLPromise+Recover.m
[RUN_FASTLANE] [37m›[39m [1mCompiling[22m [36m@react-native-google-signin/google-signin[39m Pods/PromisesObjC » FBLPromise+Race.m
[RUN_FASTLANE] [37m›[39m [1mCompiling[22m [36m@react-native-google-signin/google-signin[39m Pods/PromisesObjC » FBLPromise+Do.m
[RUN_FASTLANE] [37m›[39m [1mCompiling[22m [36m@react-native-google-signin/google-signin[39m Pods/PromisesObjC » FBLPromise+Delay.m
[RUN_FASTLANE] [37m›[39m [1mCompiling[22m [36m@react-native-google-signin/google-signin[39m Pods/PromisesObjC » FBLPromise+Catch.m
[RUN_FASTLANE] [37m›[39m [1mCompiling[22m [36m@react-native-google-signin/google-signin[39m Pods/PromisesObjC » FBLPromise+Await.m
[RUN_FASTLANE] [37m›[39m [1mCompiling[22m [36m@react-native-google-signin/google-signin[39m Pods/PromisesObjC » FBLPromise+Async.m
[RUN_FASTLANE] [37m›[39m [1mCompiling[22m [36m@react-native-google-signin/google-signin[39m Pods/PromisesObjC » FBLPromise+Any.m
[RUN_FASTLANE] [37m›[39m [1mCompiling[22m [36m@react-native-google-signin/google-signin[39m Pods/PromisesObjC » FBLPromise+Always.m
[RUN_FASTLANE] [37m›[39m [1mCompiling[22m [36m@react-native-google-signin/google-signin[39m Pods/PromisesObjC » FBLPromise+All.m
[RUN_FASTLANE] [37m›[39m [1mCompiling[22m Pods/GoogleUtilities » IsAppEncrypted.m
[RUN_FASTLANE] [37m›[39m [1mPackaging[22m [36m@react-native-google-signin/google-signin[39m Pods/PromisesObjC » libPromisesObjC.a
[RUN_FASTLANE] [37m›[39m [1mExecuting[22m [36mreact-native[39m Pods/React-Core-prebuilt » [CP-User] [RNCore] Replace React Native Core for the right configuration, if needed
[RUN_FASTLANE] [37m›[39m [1mPreparing[22m Pods/GoogleMaps-GoogleMapsResources » ResourceBundle-GoogleMapsResources-GoogleMaps-Info.plist
[RUN_FASTLANE] [37m›[39m [1mCopying  [22m ios/build/Build/Intermediates.noindex/ArchiveIntermediates/triplot/IntermediateBuildFilesPath/UninstalledProducts/iphoneos/GoogleMapsResources.bundle/GoogleMaps.bundle ➜ [2m../../../../../../var/folders/p9/98ld1dhj4szctyjcfk4s3khh0000gn/T/eas-build-local-nodejs/05259402-59fe-4257-ba62-2b703e4f9a92/build/apps/mobile/ios/Pods/GoogleMaps/Maps/Resources/GoogleMapsResources/[22mGoogleMaps.bundle
[RUN_FASTLANE] [37m›[39m [1mCreating [22m [36m@react-native-google-signin/google-signin[39m Pods/GoogleSignIn-GoogleSignIn » GoogleSignIn.bundle
[RUN_FASTLANE] [37m›[39m [1mPreparing[22m Pods/GTMSessionFetcher-GTMSessionFetcher_Core_Privacy » ResourceBundle-GTMSessionFetcher_Core_Privacy-GTMSessionFetcher-Info.plist
[RUN_FASTLANE] [37m›[39m [1mCopying  [22m ios/build/Build/Intermediates.noindex/ArchiveIntermediates/triplot/IntermediateBuildFilesPath/UninstalledProducts/iphoneos/GTMSessionFetcher_Core_Privacy.bundle/PrivacyInfo.xcprivacy ➜ [2m../../../../../../var/folders/p9/98ld1dhj4szctyjcfk4s3khh0000gn/T/eas-build-local-nodejs/05259402-59fe-4257-ba62-2b703e4f9a92/build/apps/mobile/ios/Pods/GTMSessionFetcher/Sources/Core/Resources/[22mPrivacyInfo.xcprivacy
[RUN_FASTLANE] [37m›[39m [1mCompiling[22m Pods/GoogleUtilities » GoogleUtilities-dummy.m
[RUN_FASTLANE] [37m›[39m [1mCompiling[22m Pods/GoogleUtilities » GULUserDefaults.m
[RUN_FASTLANE] [37m›[39m [1mCompiling[22m Pods/GoogleUtilities » GULSwizzlingCache.m
[RUN_FASTLANE] [37m›[39m [1mCompiling[22m Pods/GoogleUtilities » GULSwizzler.m
[RUN_FASTLANE] [37m›[39m [1mCompiling[22m Pods/GoogleUtilities » GULSwizzler+Unswizzle.m
[RUN_FASTLANE] [37m›[39m [1mCompiling[22m Pods/GoogleUtilities » GULRuntimeStateHelper.m
[RUN_FASTLANE] [37m›[39m [1mCompiling[22m Pods/GoogleUtilities » GULRuntimeSnapshot.m
[RUN_FASTLANE] [37m›[39m [1mCompiling[22m Pods/GoogleUtilities » GULRuntimeDiff.m
[RUN_FASTLANE] [37m›[39m [1mCompiling[22m Pods/GoogleUtilities » GULRuntimeClassSnapshot.m
[RUN_FASTLANE] [37m›[39m [1mCompiling[22m Pods/GoogleUtilities » GULRuntimeClassDiff.m
[RUN_FASTLANE] [37m›[39m [1mCompiling[22m Pods/GoogleUtilities » GULReachabilityChecker.m
[RUN_FASTLANE] [37m›[39m [1mCompiling[22m Pods/GoogleUtilities » GULNetworkURLSession.m
[RUN_FASTLANE] [37m›[39m [1mCompiling[22m Pods/GoogleUtilities » GULNetworkConstants.m
[RUN_FASTLANE] [37m›[39m [1mCompiling[22m Pods/GoogleUtilities » GULNetwork.m
[RUN_FASTLANE] [37m›[39m [1mCompiling[22m Pods/GoogleUtilities » GULNSData+zlib.m
[RUN_FASTLANE] [37m›[39m [1mCompiling[22m Pods/GoogleUtilities » GULMutableDictionary.m
[RUN_FASTLANE] [37m›[39m [1mCompiling[22m Pods/GoogleUtilities » GULLogger.m
[RUN_FASTLANE] [37m›[39m [1mCompiling[22m Pods/GoogleUtilities » GULKeychainUtils.m
[RUN_FASTLANE] [37m›[39m [1mCompiling[22m Pods/GoogleUtilities » GULKeychainStorage.m
[RUN_FASTLANE] [37m›[39m [1mCompiling[22m [36m@react-native-google-signin/google-signin[39m Pods/RecaptchaInterop » placeholder.m
[RUN_FASTLANE] [37m›[39m [1mCompiling[22m [36m@react-native-google-signin/google-signin[39m Pods/RecaptchaInterop » RecaptchaInterop-dummy.m
[RUN_FASTLANE] [37m›[39m [1mCompiling[22m Pods/GTMSessionFetcher » GTMSessionUploadFetcher.m
[RUN_FASTLANE] [37m›[39m [1mCompiling[22m Pods/GTMSessionFetcher » GTMSessionFetcherService.m
[RUN_FASTLANE] [37m›[39m [1mCompiling[22m Pods/GoogleUtilities » GULNetworkInfo.m
[RUN_FASTLANE] [37m›[39m [1mCompiling[22m Pods/GTMSessionFetcher » GTMSessionFetcherLogging.m
[RUN_FASTLANE] [37m›[39m [1mCompiling[22m Pods/GTMSessionFetcher » GTMSessionFetcher.m
[RUN_FASTLANE] [37m›[39m [1mPackaging[22m [36m@react-native-google-signin/google-signin[39m Pods/RecaptchaInterop » libRecaptchaInterop.a
[RUN_FASTLANE] [37m›[39m [1mCompiling[22m Pods/GTMSessionFetcher » GTMSessionFetcher-dummy.m
[RUN_FASTLANE] [37m›[39m [1mCreating [22m Pods/GTMSessionFetcher-GTMSessionFetcher_Core_Privacy » GTMSessionFetcher_Core_Privacy.bundle
[RUN_FASTLANE] [37m›[39m [1mPreparing[22m Pods/GTMAppAuth-GTMAppAuth_Privacy » ResourceBundle-GTMAppAuth_Privacy-GTMAppAuth-Info.plist
[RUN_FASTLANE] [37m›[39m [1mCopying  [22m ios/build/Build/Intermediates.noindex/ArchiveIntermediates/triplot/IntermediateBuildFilesPath/UninstalledProducts/iphoneos/GTMAppAuth_Privacy.bundle/PrivacyInfo.xcprivacy ➜ [2m../../../../../../var/folders/p9/98ld1dhj4szctyjcfk4s3khh0000gn/T/eas-build-local-nodejs/05259402-59fe-4257-ba62-2b703e4f9a92/build/apps/mobile/ios/Pods/GTMAppAuth/GTMAppAuth/Sources/Resources/[22mPrivacyInfo.xcprivacy
[RUN_FASTLANE] [37m›[39m [1mPreparing[22m Pods/ExpoSystemUI-ExpoSystemUI_privacy » ResourceBundle-ExpoSystemUI_privacy-ExpoSystemUI-Info.plist
[RUN_FASTLANE] [37m›[39m [1mCopying  [22m ios/build/Build/Intermediates.noindex/ArchiveIntermediates/triplot/IntermediateBuildFilesPath/UninstalledProducts/iphoneos/ExpoSystemUI_privacy.bundle/PrivacyInfo.xcprivacy ➜ [2m../../../../../../var/folders/p9/98ld1dhj4szctyjcfk4s3khh0000gn/T/eas-build-local-nodejs/05259402-59fe-4257-ba62-2b703e4f9a92/build/node_modules/expo-system-ui/ios/[22mPrivacyInfo.xcprivacy
[RUN_FASTLANE] [37m›[39m [1mCreating [22m Pods/GoogleMaps-GoogleMapsResources » GoogleMapsResources.bundle
[RUN_FASTLANE] [37m›[39m [1mExecuting[22m [36m@triplot/mobile[39m Pods/GoogleMaps » [CP] Copy XCFrameworks
[RUN_FASTLANE] [37m›[39m [1mCreating [22m Pods/GTMAppAuth-GTMAppAuth_Privacy » GTMAppAuth_Privacy.bundle
[RUN_FASTLANE] [37m›[39m [1mPreparing[22m Pods/ExpoLocalization-ExpoLocalization_privacy » ResourceBundle-ExpoLocalization_privacy-ExpoLocalization-Info.plist
[RUN_FASTLANE] [37m›[39m [1mCopying  [22m ios/build/Build/Intermediates.noindex/ArchiveIntermediates/triplot/IntermediateBuildFilesPath/UninstalledProducts/iphoneos/ExpoLocalization_privacy.bundle/PrivacyInfo.xcprivacy ➜ [2m../../../../../../var/folders/p9/98ld1dhj4szctyjcfk4s3khh0000gn/T/eas-build-local-nodejs/05259402-59fe-4257-ba62-2b703e4f9a92/build/node_modules/expo-localization/ios/[22mPrivacyInfo.xcprivacy
[RUN_FASTLANE] [37m›[39m [1mCreating [22m Pods/ExpoSystemUI-ExpoSystemUI_privacy » ExpoSystemUI_privacy.bundle
[RUN_FASTLANE] [37m›[39m [1mPreparing[22m Pods/ExpoFileSystem-ExpoFileSystem_privacy » ResourceBundle-ExpoFileSystem_privacy-ExpoFileSystem-Info.plist
[RUN_FASTLANE] [37m›[39m [1mCreating [22m Pods/ExpoLocalization-ExpoLocalization_privacy » ExpoLocalization_privacy.bundle
[RUN_FASTLANE] [37m›[39m [1mPackaging[22m Pods/GTMSessionFetcher » libGTMSessionFetcher.a
[RUN_FASTLANE] [37m›[39m [1mCompiling[22m Pods/GoogleUtilities » GULSceneDelegateSwizzler.m
[RUN_FASTLANE] [37m›[39m [1mCompiling[22m Pods/GoogleUtilities » GULAppEnvironmentUtil.m
[RUN_FASTLANE] [37m›[39m [1mCompiling[22m Pods/GoogleUtilities » GULAppDelegateSwizzler.m
[RUN_FASTLANE] [37m›[39m [1mExecuting[22m [36mreact-native[39m Pods/React-Core-prebuilt » [CP] Copy XCFrameworks
[RUN_FASTLANE] [37m›[39m [1mPreparing[22m Pods/EXConstants-ExpoConstants_privacy » ResourceBundle-ExpoConstants_privacy-EXConstants-Info.plist
[RUN_FASTLANE] [37m›[39m [1mCopying  [22m ios/build/Build/Intermediates.noindex/ArchiveIntermediates/triplot/IntermediateBuildFilesPath/UninstalledProducts/iphoneos/ExpoConstants_privacy.bundle/PrivacyInfo.xcprivacy ➜ [2m../../../../../../var/folders/p9/98ld1dhj4szctyjcfk4s3khh0000gn/T/eas-build-local-nodejs/05259402-59fe-4257-ba62-2b703e4f9a92/build/node_modules/expo-constants/ios/[22mPrivacyInfo.xcprivacy
[RUN_FASTLANE] [37m›[39m [1mCreating [22m Pods/ExpoFileSystem-ExpoFileSystem_privacy » ExpoFileSystem_privacy.bundle
[RUN_FASTLANE] [37m›[39m [1mPreparing[22m [36mexpo-constants[39m Pods/EXConstants-EXConstants » ResourceBundle-EXConstants-EXConstants-Info.plist
[RUN_FASTLANE] [37m›[39m [1mPackaging[22m Pods/GoogleUtilities » libGoogleUtilities.a
[RUN_FASTLANE] [37m›[39m [1mCreating [22m Pods/EXConstants-ExpoConstants_privacy » ExpoConstants_privacy.bundle
[RUN_FASTLANE] [37m›[39m [1mPreparing[22m Pods/EXApplication-ExpoApplication_privacy » ResourceBundle-ExpoApplication_privacy-EXApplication-Info.plist
[RUN_FASTLANE] [37m›[39m [1mCopying  [22m ios/build/Build/Intermediates.noindex/ArchiveIntermediates/triplot/IntermediateBuildFilesPath/UninstalledProducts/iphoneos/ExpoApplication_privacy.bundle/PrivacyInfo.xcprivacy ➜ [2m../../../../../../var/folders/p9/98ld1dhj4szctyjcfk4s3khh0000gn/T/eas-build-local-nodejs/05259402-59fe-4257-ba62-2b703e4f9a92/build/node_modules/expo-application/ios/[22mPrivacyInfo.xcprivacy
[RUN_FASTLANE] [37m›[39m [1mPreparing[22m Pods/AppAuth-AppAuthCore_Privacy » ResourceBundle-AppAuthCore_Privacy-AppAuth-Info.plist
[RUN_FASTLANE] [37m›[39m [1mCopying  [22m ios/build/Build/Intermediates.noindex/ArchiveIntermediates/triplot/IntermediateBuildFilesPath/UninstalledProducts/iphoneos/AppAuthCore_Privacy.bundle/PrivacyInfo.xcprivacy ➜ [2m../../../../../../var/folders/p9/98ld1dhj4szctyjcfk4s3khh0000gn/T/eas-build-local-nodejs/05259402-59fe-4257-ba62-2b703e4f9a92/build/apps/mobile/ios/Pods/AppAuth/Sources/AppAuthCore/Resources/[22mPrivacyInfo.xcprivacy
[RUN_FASTLANE] [37m›[39m [1mCreating [22m [36mexpo-constants[39m Pods/EXConstants-EXConstants » EXConstants.bundle
[RUN_FASTLANE] [37m›[39m [1mPreparing[22m Pods/expo-dev-menu-EXDevMenu » ResourceBundle-EXDevMenu-expo-dev-menu-Info.plist
[RUN_FASTLANE] [37m›[39m [1mPreparing[22m Pods/expo-dev-launcher-EXDevLauncher » ResourceBundle-EXDevLauncher-expo-dev-launcher-Info.plist
[RUN_FASTLANE] [37m›[39m [1mCompiling[22m [36m@react-native-google-signin/google-signin[39m Pods/AppAuth » OIDURLSessionProvider.m
[RUN_FASTLANE] [37m›[39m [1mCompiling[22m [36m@react-native-google-signin/google-signin[39m Pods/AppAuth » OIDTokenResponse.m
[RUN_FASTLANE] [37m›[39m [1mCompiling[22m [36m@react-native-google-signin/google-signin[39m Pods/AppAuth » OIDTokenRequest.m
[RUN_FASTLANE] [37m›[39m [1mCompiling[22m [36m@react-native-google-signin/google-signin[39m Pods/AppAuth » OIDURLQueryComponent.m
[RUN_FASTLANE] [37m›[39m [1mCompiling[22m [36m@react-native-google-signin/google-signin[39m Pods/AppAuth » OIDServiceDiscovery.m
[RUN_FASTLANE] [37m›[39m [1mCompiling[22m [36m@react-native-google-signin/google-signin[39m Pods/AppAuth » OIDTokenUtilities.m
[RUN_FASTLANE] [37m›[39m [1mCompiling[22m [36m@react-native-google-signin/google-signin[39m Pods/AppAuth » OIDServiceConfiguration.m
[RUN_FASTLANE] [37m›[39m [1mCompiling[22m [36m@react-native-google-signin/google-signin[39m Pods/AppAuth » OIDScopes.m
[RUN_FASTLANE] [37m›[39m [1mCompiling[22m [36m@react-native-google-signin/google-signin[39m Pods/AppAuth » OIDScopeUtilities.m
[RUN_FASTLANE] [37m›[39m [1mCompiling[22m [36m@react-native-google-signin/google-signin[39m Pods/AppAuth » OIDResponseTypes.m
[RUN_FASTLANE] [37m›[39m [1mCompiling[22m [36m@react-native-google-signin/google-signin[39m Pods/AppAuth » OIDRegistrationRequest.m
[RUN_FASTLANE] [37m›[39m [1mCompiling[22m [36m@react-native-google-signin/google-signin[39m Pods/AppAuth » OIDRegistrationResponse.m
[RUN_FASTLANE] [37m›[39m [1mCompiling[22m [36m@react-native-google-signin/google-signin[39m Pods/AppAuth » OIDIDToken.m
[RUN_FASTLANE] [37m›[39m [1mCompiling[22m [36m@react-native-google-signin/google-signin[39m Pods/AppAuth » OIDGrantTypes.m
[RUN_FASTLANE] [37m›[39m [1mCompiling[22m [36m@react-native-google-signin/google-signin[39m Pods/AppAuth » OIDFieldMapping.m
[RUN_FASTLANE] [37m›[39m [1mCompiling[22m [36m@react-native-google-signin/google-signin[39m Pods/AppAuth » OIDExternalUserAgentIOSCustomBrowser.m
[RUN_FASTLANE] [37m›[39m [1mCompiling[22m [36m@react-native-google-signin/google-signin[39m Pods/AppAuth » OIDErrorUtilities.m
[RUN_FASTLANE] [37m›[39m [1mCompiling[22m [36m@react-native-google-signin/google-signin[39m Pods/AppAuth » OIDEndSessionResponse.m
[RUN_FASTLANE] [37m›[39m [1mCompiling[22m [36m@react-native-google-signin/google-signin[39m Pods/AppAuth » OIDError.m
[RUN_FASTLANE] [37m›[39m [1mCompiling[22m [36m@react-native-google-signin/google-signin[39m Pods/AppAuth » OIDExternalUserAgentIOS.m
[RUN_FASTLANE] [37m›[39m [1mCompiling[22m [36m@react-native-google-signin/google-signin[39m Pods/AppAuth » OIDExternalUserAgentCatalyst.m
[RUN_FASTLANE] [37m›[39m [1mCompiling[22m [36m@react-native-google-signin/google-signin[39m Pods/AppAuth » OIDEndSessionRequest.m
[RUN_FASTLANE] [37m›[39m [1mCompiling[22m [36m@react-native-google-signin/google-signin[39m Pods/AppAuth » OIDClientMetadataParameters.m
[RUN_FASTLANE] [37m›[39m [1mCompiling[22m [36m@react-native-google-signin/google-signin[39m Pods/AppAuth » OIDAuthorizationService.m
[RUN_FASTLANE] [37m›[39m [1mCompiling[22m [36m@react-native-google-signin/google-signin[39m Pods/AppAuth » OIDAuthorizationService+IOS.m
[RUN_FASTLANE] [37m›[39m [1mCompiling[22m [36m@react-native-google-signin/google-signin[39m Pods/AppAuth » OIDAuthorizationResponse.m
[RUN_FASTLANE] [37m›[39m [1mCompiling[22m [36m@react-native-google-signin/google-signin[39m Pods/AppAuth » OIDAuthorizationRequest.m
[RUN_FASTLANE] [37m›[39m [1mCompiling[22m [36m@react-native-google-signin/google-signin[39m Pods/AppAuth » OIDAuthState.m
[RUN_FASTLANE] [37m›[39m [1mCompiling[22m [36m@react-native-google-signin/google-signin[39m Pods/AppAuth » OIDAuthState+IOS.m
[RUN_FASTLANE] [37m›[39m [1mCompiling[22m [36m@react-native-google-signin/google-signin[39m Pods/AppAuth » AppAuth-dummy.m
[RUN_FASTLANE] [37m›[39m [1mCreating [22m Pods/expo-dev-launcher-EXDevLauncher » EXDevLauncher.bundle
[RUN_FASTLANE] [37m›[39m [1mCreating [22m Pods/expo-dev-menu-EXDevMenu » EXDevMenu.bundle
[RUN_FASTLANE] [37m›[39m [1mCreating [22m Pods/EXApplication-ExpoApplication_privacy » ExpoApplication_privacy.bundle
[RUN_FASTLANE] [37m›[39m [1mCreating [22m Pods/AppAuth-AppAuthCore_Privacy » AppAuthCore_Privacy.bundle
[RUN_FASTLANE] [37m›[39m [1mPackaging[22m [36m@react-native-google-signin/google-signin[39m Pods/AppAuth » libAppAuth.a
[RUN_FASTLANE] [37m›[39m [1mCompiling[22m [36mexpo-dev-menu-interface[39m Pods/expo-dev-menu-interface » expo-dev-menu-interface-dummy.m
[RUN_FASTLANE] [37m›[39m [1mCompiling[22m [36mexpo-json-utils[39m Pods/EXJSONUtils » EXJSONUtils-dummy.m
[RUN_FASTLANE] [37m›[39m [1mCompiling[22m [36mexpo-json-utils[39m Pods/EXJSONUtils » NSDictionary+EXJSONUtils.m
[RUN_FASTLANE] [37m›[39m [1mExecuting[22m [36mexpo-modules-jsi[39m Pods/ExpoModulesJSI » [CP-User] Build ExpoModulesJSI xcframework
[RUN_FASTLANE] [37m›[39m [1mExecuting[22m [36mreact-native[39m Pods/React-RCTFBReactNativeSpec » [CP-User] [RN]Check FBReactNativeSpec
[RUN_FASTLANE] [37m›[39m [1mPackaging[22m [36mexpo-dev-menu-interface[39m Pods/expo-dev-menu-interface » libexpo-dev-menu-interface.a
[RUN_FASTLANE] [37m›[39m [1mPackaging[22m [36mexpo-json-utils[39m Pods/EXJSONUtils » libEXJSONUtils.a
[RUN_FASTLANE] [37m›[39m [1mExecuting[22m [36mexpo-dev-menu-interface[39m Pods/expo-dev-menu-interface » Copy generated compatibility header
[RUN_FASTLANE] [37m›[39m [1mCompiling[22m [36m@expo/log-box[39m Pods/ExpoLogBox » ExpoRedBoxSwap.mm
[RUN_FASTLANE] [37m›[39m [1mCompiling[22m [36m@react-native-google-signin/google-signin[39m Pods/PromisesSwift » PromisesSwift-dummy.m
[RUN_FASTLANE] [37m›[39m [1mPackaging[22m [36m@react-native-google-signin/google-signin[39m Pods/PromisesSwift » libPromisesSwift.a
[RUN_FASTLANE] [37m›[39m [1mExecuting[22m [36m@react-native-google-signin/google-signin[39m Pods/PromisesSwift » Copy generated compatibility header
[RUN_FASTLANE] [37m›[39m [1mExecuting[22m [36m@triplot/mobile[39m Pods/ReactCodegen » [CP-User] Generate Specs
[RUN_FASTLANE] [37m›[39m [1mCompiling[22m [36m@expo/log-box[39m Pods/ExpoLogBox » ExpoLogBox-dummy.m
[RUN_FASTLANE] [37m›[39m [1mPackaging[22m [36m@expo/log-box[39m Pods/ExpoLogBox » libExpoLogBox.a
[RUN_FASTLANE] [37m›[39m [1mExecuting[22m [36m@expo/log-box[39m Pods/ExpoLogBox » Copy generated compatibility header
[RUN_FASTLANE] [37m›[39m [1mCompiling[22m [36m@triplot/mobile[39m Pods/Google-Maps-iOS-Utils » Google-Maps-iOS-Utils-dummy.m
[RUN_FASTLANE] [37m›[39m [1mCompiling[22m [36m@triplot/mobile[39m Pods/Google-Maps-iOS-Utils » GMUWrappingDictionaryKey.m
[RUN_FASTLANE] [37m›[39m [1mCompiling[22m [36m@triplot/mobile[39m Pods/Google-Maps-iOS-Utils » GQTPointQuadTree.m
[RUN_FASTLANE] [37m›[39m [1mCompiling[22m [36m@triplot/mobile[39m Pods/Google-Maps-iOS-Utils » GMUStyleMap.m
[RUN_FASTLANE] [37m›[39m [1mCompiling[22m [36m@triplot/mobile[39m Pods/Google-Maps-iOS-Utils » GMUStyle.m
[RUN_FASTLANE] [37m›[39m [1mCompiling[22m [36m@triplot/mobile[39m Pods/Google-Maps-iOS-Utils » GMUPlacemark.m
[RUN_FASTLANE] [37m›[39m [1mCompiling[22m [36m@triplot/mobile[39m Pods/Google-Maps-iOS-Utils » GMUPair.m
[RUN_FASTLANE] [37m›[39m [1mCompiling[22m [36m@triplot/mobile[39m Pods/Google-Maps-iOS-Utils » GMUStaticCluster.m
[RUN_FASTLANE] [37m›[39m [1mCompiling[22m [36m@triplot/mobile[39m Pods/Google-Maps-iOS-Utils » GMUSimpleClusterAlgorithm.m
[RUN_FASTLANE] [37m›[39m [1mCompiling[22m [36m@triplot/mobile[39m Pods/Google-Maps-iOS-Utils » GMUPoint.m
[RUN_FASTLANE] [37m›[39m [1mCompiling[22m [36m@triplot/mobile[39m Pods/Google-Maps-iOS-Utils » GMUGroundOverlay.m
[RUN_FASTLANE] [37m›[39m [1mCompiling[22m [36m@triplot/mobile[39m Pods/Google-Maps-iOS-Utils » GMUGradient.m
[RUN_FASTLANE] [37m›[39m [1mCompiling[22m [36m@triplot/mobile[39m Pods/Google-Maps-iOS-Utils » GMUGeometryCollection.m
[RUN_FASTLANE] [37m›[39m [1mCompiling[22m [36m@triplot/mobile[39m Pods/Google-Maps-iOS-Utils » GMUWeightedLatLng.m
[RUN_FASTLANE] [37m›[39m [1mCompiling[22m [36m@triplot/mobile[39m Pods/Google-Maps-iOS-Utils » GMUPolygon.m
[RUN_FASTLANE] [37m›[39m [1mCompiling[22m [36m@triplot/mobile[39m Pods/Google-Maps-iOS-Utils » GMUNonHierarchicalDistanceBasedAlgorithm.m
[RUN_FASTLANE] [37m›[39m [1mCompiling[22m [36m@triplot/mobile[39m Pods/Google-Maps-iOS-Utils » GMULineString.m
[RUN_FASTLANE] [37m›[39m [1mCompiling[22m [36m@triplot/mobile[39m Pods/Google-Maps-iOS-Utils » GMUKMLParser.m
[RUN_FASTLANE] [37m›[39m [1mCompiling[22m [36m@triplot/mobile[39m Pods/Google-Maps-iOS-Utils » GMUHeatmapTileLayer.m
[RUN_FASTLANE] [37m›[39m [1mCompiling[22m [36m@triplot/mobile[39m Pods/Google-Maps-iOS-Utils » GMUGridBasedClusterAlgorithm.m
[RUN_FASTLANE] [37m›[39m [1mCompiling[22m [36m@triplot/mobile[39m Pods/Google-Maps-iOS-Utils » GMUGeometryRenderer.m
[RUN_FASTLANE] [37m›[39m [1mCompiling[22m [36m@triplot/mobile[39m Pods/Google-Maps-iOS-Utils » GMUGeoJSONParser.m
[RUN_FASTLANE] [37m›[39m [1mCompiling[22m [36m@triplot/mobile[39m Pods/Google-Maps-iOS-Utils » GMUFeature.m
[RUN_FASTLANE] [37m›[39m [1mCompiling[22m [36m@triplot/mobile[39m Pods/Google-Maps-iOS-Utils » GMUDefaultClusterRenderer.m
[RUN_FASTLANE] [37m›[39m [1mCompiling[22m [36m@triplot/mobile[39m Pods/Google-Maps-iOS-Utils » GMUDefaultClusterIconGenerator.m
[RUN_FASTLANE] [37m›[39m [1mCompiling[22m [36m@triplot/mobile[39m Pods/Google-Maps-iOS-Utils » GMUClusterManager.m
[RUN_FASTLANE] [37m›[39m [1mCompiling[22m [36m@triplot/mobile[39m Pods/Google-Maps-iOS-Utils » GMSMarker+GMUClusteritem.m
[RUN_FASTLANE] [37m›[39m [1mPackaging[22m [36m@triplot/mobile[39m Pods/Google-Maps-iOS-Utils » libGoogle-Maps-iOS-Utils.a
[RUN_FASTLANE] [37m›[39m [1mExecuting[22m [36m@triplot/mobile[39m Pods/Google-Maps-iOS-Utils » Copy generated compatibility header
[RUN_FASTLANE] [37m›[39m [1mCompiling[22m [36m@react-native-google-signin/google-signin[39m Pods/AppCheckCore » NSURLSession+GACPromises.m
[RUN_FASTLANE] [37m›[39m [1mCompiling[22m [36m@react-native-google-signin/google-signin[39m Pods/AppCheckCore » GACAppCheckTokenRefreshResult.m
[RUN_FASTLANE] [37m›[39m [1mCompiling[22m [36m@react-native-google-signin/google-signin[39m Pods/AppCheckCore » GACURLSessionDataResponse.m
[RUN_FASTLANE] [37m›[39m [1mCompiling[22m [36m@react-native-google-signin/google-signin[39m Pods/AppCheckCore » GACAppCheckTokenRefresher.m
[RUN_FASTLANE] [37m›[39m [1mCompiling[22m [36m@react-native-google-signin/google-signin[39m Pods/AppCheckCore » GACAppCheckTokenResult.m
[RUN_FASTLANE] [37m›[39m [1mCompiling[22m [36m@react-native-google-signin/google-signin[39m Pods/AppCheckCore » GACDeviceCheckAPIService.m
[RUN_FASTLANE] [37m›[39m [1mCompiling[22m [36m@react-native-google-signin/google-signin[39m Pods/AppCheckCore » GACAppCheckToken.m
[RUN_FASTLANE] [37m›[39m [1mCompiling[22m [36m@react-native-google-signin/google-signin[39m Pods/AppCheckCore » GACAppCheckToken+APIResponse.m
[RUN_FASTLANE] [37m›[39m [1mCompiling[22m [36m@react-native-google-signin/google-signin[39m Pods/AppCheckCore » GACAppCheckTimer.m
[RUN_FASTLANE] [37m›[39m [1mCompiling[22m [36m@react-native-google-signin/google-signin[39m Pods/AppCheckCore » GACDeviceCheckProvider.m
[RUN_FASTLANE] [37m›[39m [1mCompiling[22m [36m@react-native-google-signin/google-signin[39m Pods/AppCheckCore » GACAppCheckStoredToken.m
[RUN_FASTLANE] [37m›[39m [1mCompiling[22m [36m@react-native-google-signin/google-signin[39m Pods/AppCheckCore » GACAppCheckStoredToken+GACAppCheckToken.m
[RUN_FASTLANE] [37m›[39m [1mCompiling[22m [36m@react-native-google-signin/google-signin[39m Pods/AppCheckCore » GACAppCheckStorage.m
[RUN_FASTLANE] [37m›[39m [1mCompiling[22m [36m@react-native-google-signin/google-signin[39m Pods/AppCheckCore » GACAppCheckSettings.m
[RUN_FASTLANE] [37m›[39m [1mCompiling[22m [36m@react-native-google-signin/google-signin[39m Pods/AppCheckCore » GACAppCheckLogger.m
[RUN_FASTLANE] [37m›[39m [1mCompiling[22m [36m@react-native-google-signin/google-signin[39m Pods/AppCheckCore » GACAppCheckHTTPError.m
[RUN_FASTLANE] [37m›[39m [1mCompiling[22m [36m@react-native-google-signin/google-signin[39m Pods/AppCheckCore » GACAppCheckErrors.m
[RUN_FASTLANE] [37m›[39m [1mCompiling[22m [36m@react-native-google-signin/google-signin[39m Pods/AppCheckCore » GACAppCheckErrorUtil.m
[RUN_FASTLANE] [37m›[39m [1mCompiling[22m [36m@react-native-google-signin/google-signin[39m Pods/AppCheckCore » GACAppCheckDebugProviderAPIService.m
[RUN_FASTLANE] [37m›[39m [1mCompiling[22m [36m@react-native-google-signin/google-signin[39m Pods/AppCheckCore » GACAppCheckDebugProvider.m
[RUN_FASTLANE] [37m›[39m [1mCompiling[22m [36m@react-native-google-signin/google-signin[39m Pods/AppCheckCore » GACAppCheckBackoffWrapper.m
[RUN_FASTLANE] [37m›[39m [1mCompiling[22m [36m@react-native-google-signin/google-signin[39m Pods/AppCheckCore » GACAppCheckAPIService.m
[RUN_FASTLANE] [37m›[39m [1mCompiling[22m [36m@react-native-google-signin/google-signin[39m Pods/AppCheckCore » GACAppCheckCryptoUtils.m
[RUN_FASTLANE] [37m›[39m [1mCompiling[22m [36m@react-native-google-signin/google-signin[39m Pods/AppCheckCore » GACAppCheck.m
[RUN_FASTLANE] [37m›[39m [1mCompiling[22m [36m@react-native-google-signin/google-signin[39m Pods/AppCheckCore » GACAppAttestRejectionError.m
[RUN_FASTLANE] [37m›[39m [1mCompiling[22m [36m@react-native-google-signin/google-signin[39m Pods/AppCheckCore » GACAppAttestStoredArtifact.m
[RUN_FASTLANE] [37m›[39m [1mCompiling[22m [36m@react-native-google-signin/google-signin[39m Pods/AppCheckCore » GACAppAttestProviderState.m
[RUN_FASTLANE] [37m›[39m [1mCompiling[22m [36m@react-native-google-signin/google-signin[39m Pods/AppCheckCore » GACAppAttestProvider.m
[RUN_FASTLANE] [37m›[39m [1mCompiling[22m [36m@react-native-google-signin/google-signin[39m Pods/AppCheckCore » GACAppAttestKeyIDStorage.m
[RUN_FASTLANE] [37m›[39m [1mCompiling[22m [36m@react-native-google-signin/google-signin[39m Pods/AppCheckCore » GACAppAttestArtifactStorage.m
[RUN_FASTLANE] [37m›[39m [1mCompiling[22m [36m@react-native-google-signin/google-signin[39m Pods/AppCheckCore » GACAppAttestAttestationResponse.m
[RUN_FASTLANE] [37m›[39m [1mCompiling[22m [36m@react-native-google-signin/google-signin[39m Pods/AppCheckCore » GACAppAttestAPIService.m
[RUN_FASTLANE] [37m›[39m [1mCompiling[22m [36m@react-native-google-signin/google-signin[39m Pods/AppCheckCore » DCDevice+GACDeviceCheckTokenGenerator.m
[RUN_FASTLANE] [37m›[39m [1mCompiling[22m [36m@react-native-google-signin/google-signin[39m Pods/AppCheckCore » DCAppAttestService+GACAppAttestService.m
[RUN_FASTLANE] [37m›[39m [1mCompiling[22m [36m@react-native-google-signin/google-signin[39m Pods/AppCheckCore » AppCheckCore-dummy.m
[RUN_FASTLANE] [37m›[39m [1mExecuting[22m [36m@triplot/mobile[39m Pods/ReactCodegen » [Expo] Remove duplicate codegen output
[RUN_FASTLANE] [37m›[39m [1mPackaging[22m [36m@react-native-google-signin/google-signin[39m Pods/AppCheckCore » libAppCheckCore.a
[RUN_FASTLANE] [37m›[39m [1mExecuting[22m [36m@react-native-google-signin/google-signin[39m Pods/AppCheckCore » Copy generated compatibility header
[RUN_FASTLANE] [37m›[39m [1mCompiling[22m [36m@triplot/mobile[39m Pods/ReactCodegen » safeareacontext-generated.mm
[RUN_FASTLANE] [37m›[39m [1mCompiling[22m [36m@triplot/mobile[39m Pods/ReactCodegen » rnworklets-generated.mm
[RUN_FASTLANE] [37m›[39m [1mCompiling[22m [36m@triplot/mobile[39m Pods/ReactCodegen » rnsvg-generated.mm
[RUN_FASTLANE] [37m›[39m [1mCompiling[22m [36m@triplot/mobile[39m Pods/ReactCodegen » rnscreens-generated.mm
[RUN_FASTLANE] [37m›[39m [1mCompiling[22m [36m@triplot/mobile[39m Pods/ReactCodegen » rnreanimated-generated.mm
[RUN_FASTLANE] [37m›[39m [1mCompiling[22m [36m@triplot/mobile[39m Pods/ReactCodegen » rnasyncstorage-generated.mm
[RUN_FASTLANE] [37m›[39m [1mCompiling[22m [36m@triplot/mobile[39m Pods/ReactCodegen » rngesturehandler_codegen-generated.mm
[RUN_FASTLANE] [37m›[39m [1mCompiling[22m [36m@triplot/mobile[39m Pods/ReactCodegen » States.cpp
[RUN_FASTLANE] [37m›[39m [1mCompiling[22m [36m@triplot/mobile[39m Pods/ReactCodegen » States.cpp
[RUN_FASTLANE] [37m›[39m [1mCompiling[22m [36m@triplot/mobile[39m Pods/ReactCodegen » States.cpp
[RUN_FASTLANE] [37m›[39m [1mCompiling[22m [36m@triplot/mobile[39m Pods/ReactCodegen » States.cpp
[RUN_FASTLANE] [37m›[39m [1mCompiling[22m [36m@triplot/mobile[39m Pods/ReactCodegen » States.cpp
[RUN_FASTLANE] [37m›[39m [1mCompiling[22m [36m@triplot/mobile[39m Pods/ReactCodegen » States.cpp
[RUN_FASTLANE] [37m›[39m [1mCompiling[22m [36m@triplot/mobile[39m Pods/ReactCodegen » States.cpp
[RUN_FASTLANE] [37m›[39m [1mCompiling[22m [36m@triplot/mobile[39m Pods/ReactCodegen » ShadowNodes.cpp
[RUN_FASTLANE] [37m›[39m [1mCompiling[22m [36m@triplot/mobile[39m Pods/ReactCodegen » ShadowNodes.cpp
[RUN_FASTLANE] [37m›[39m [1mCompiling[22m [36m@triplot/mobile[39m Pods/ReactCodegen » ShadowNodes.cpp
[RUN_FASTLANE] [37m›[39m [1mCompiling[22m [36m@triplot/mobile[39m Pods/ReactCodegen » ShadowNodes.cpp
[RUN_FASTLANE] [37m›[39m [1mCompiling[22m [36m@triplot/mobile[39m Pods/ReactCodegen » ShadowNodes.cpp
[RUN_FASTLANE] [37m›[39m [1mCompiling[22m [36m@triplot/mobile[39m Pods/ReactCodegen » ShadowNodes.cpp
[RUN_FASTLANE] [37m›[39m [1mCompiling[22m [36m@triplot/mobile[39m Pods/ReactCodegen » ShadowNodes.cpp
[RUN_FASTLANE] [37m›[39m [1mCompiling[22m [36m@triplot/mobile[39m Pods/ReactCodegen » RNGoogleSignInCGen-generated.mm
[RUN_FASTLANE] [37m›[39m [1mCompiling[22m [36m@triplot/mobile[39m Pods/ReactCodegen » RNDateTimePickerCGen-generated.mm
[RUN_FASTLANE] [37m›[39m [1mCompiling[22m [36m@triplot/mobile[39m Pods/ReactCodegen » RCTUnstableModulesRequiringMainQueueSetupProvider.mm
[RUN_FASTLANE] [37m›[39m [1mCompiling[22m [36m@triplot/mobile[39m Pods/ReactCodegen » RCTThirdPartyComponentsProvider.mm
[RUN_FASTLANE] [37m›[39m [1mCompiling[22m [36m@triplot/mobile[39m Pods/ReactCodegen » RCTModulesConformingToProtocolsProvider.mm
[RUN_FASTLANE] [37m›[39m [1mCompiling[22m [36m@triplot/mobile[39m Pods/ReactCodegen » RCTModuleProviders.mm
[RUN_FASTLANE] [37m›[39m [1mCompiling[22m [36m@triplot/mobile[39m Pods/ReactCodegen » Props.cpp
[RUN_FASTLANE] [37m›[39m [1mCompiling[22m [36m@triplot/mobile[39m Pods/ReactCodegen » Props.cpp
[RUN_FASTLANE] [37m›[39m [1mCompiling[22m [36m@triplot/mobile[39m Pods/ReactCodegen » Props.cpp
[RUN_FASTLANE] [37m›[39m [1mCompiling[22m [36m@triplot/mobile[39m Pods/ReactCodegen » Props.cpp
[RUN_FASTLANE] [37m›[39m [1mCompiling[22m [36m@triplot/mobile[39m Pods/ReactCodegen » Props.cpp
[RUN_FASTLANE] [37m›[39m [1mCompiling[22m [36m@triplot/mobile[39m Pods/ReactCodegen » Props.cpp
[RUN_FASTLANE] [37m›[39m [1mCompiling[22m [36m@triplot/mobile[39m Pods/ReactCodegen » Props.cpp
[RUN_FASTLANE] [37m›[39m [1mCompiling[22m [36m@triplot/mobile[39m Pods/ReactCodegen » EventEmitters.cpp
[RUN_FASTLANE] [37m›[39m [1mCompiling[22m [36m@triplot/mobile[39m Pods/ReactCodegen » EventEmitters.cpp
[RUN_FASTLANE] [37m›[39m [1mCompiling[22m [36m@triplot/mobile[39m Pods/ReactCodegen » EventEmitters.cpp
[RUN_FASTLANE] [37m›[39m [1mCompiling[22m [36m@triplot/mobile[39m Pods/ReactCodegen » EventEmitters.cpp
[RUN_FASTLANE] [37m›[39m [1mCompiling[22m [36m@triplot/mobile[39m Pods/ReactCodegen » EventEmitters.cpp
[RUN_FASTLANE] [37m›[39m [1mCompiling[22m [36m@triplot/mobile[39m Pods/ReactCodegen » EventEmitters.cpp
[RUN_FASTLANE] [37m›[39m [1mCompiling[22m [36m@triplot/mobile[39m Pods/ReactCodegen » EventEmitters.cpp
[RUN_FASTLANE] [37m›[39m [1mCompiling[22m [36m@triplot/mobile[39m Pods/ReactCodegen » ComponentDescriptors.cpp
[RUN_FASTLANE] [37m›[39m [1mCompiling[22m [36m@triplot/mobile[39m Pods/ReactCodegen » ComponentDescriptors.cpp
[RUN_FASTLANE] [37m›[39m [1mCompiling[22m [36m@triplot/mobile[39m Pods/ReactCodegen » ComponentDescriptors.cpp
[RUN_FASTLANE] [37m›[39m [1mCompiling[22m [36m@triplot/mobile[39m Pods/ReactCodegen » ComponentDescriptors.cpp
[RUN_FASTLANE] [37m›[39m [1mCompiling[22m [36m@triplot/mobile[39m Pods/ReactCodegen » ComponentDescriptors.cpp
[RUN_FASTLANE] [37m›[39m [1mCompiling[22m [36m@triplot/mobile[39m Pods/ReactCodegen » ComponentDescriptors.cpp
[RUN_FASTLANE] [37m›[39m [1mCompiling[22m [36m@triplot/mobile[39m Pods/ReactCodegen » ComponentDescriptors.cpp
[RUN_FASTLANE] [37m›[39m [1mCompiling[22m [36m@react-native-google-signin/google-signin[39m Pods/GTMAppAuth » GTMAppAuth-dummy.m
[RUN_FASTLANE] [37m›[39m [1mPackaging[22m [36m@react-native-google-signin/google-signin[39m Pods/GTMAppAuth » libGTMAppAuth.a
[RUN_FASTLANE] [37m›[39m [1mExecuting[22m [36m@react-native-google-signin/google-signin[39m Pods/GTMAppAuth » Copy generated compatibility header
[RUN_FASTLANE] [37m›[39m [1mCompiling[22m [36mreact-native-safe-area-context[39m Pods/react-native-safe-area-context » RNCSafeAreaViewState.cpp
[RUN_FASTLANE] [37m›[39m [1mCompiling[22m [36mreact-native-safe-area-context[39m Pods/react-native-safe-area-context » RNCSafeAreaViewShadowNode.cpp
[RUN_FASTLANE] [37m›[39m [1mCompiling[22m [36mreact-native-safe-area-context[39m Pods/react-native-safe-area-context » RNCSafeAreaViewComponentView.mm
[RUN_FASTLANE] [37m›[39m [1mCompiling[22m [36mreact-native-safe-area-context[39m Pods/react-native-safe-area-context » RNCSafeAreaProviderComponentView.mm
[RUN_FASTLANE] [37m›[39m [1mCompiling[22m [36mreact-native-safe-area-context[39m Pods/react-native-safe-area-context » RNCSafeAreaContext.mm
[RUN_FASTLANE] [37m›[39m [1mCompiling[22m [36m@triplot/mobile[39m Pods/ReactCodegen » ReactCodegen-dummy.m
[RUN_FASTLANE] [37m›[39m [1mCompiling[22m [36mreact-native-safe-area-context[39m Pods/react-native-safe-area-context » react-native-safe-area-context-dummy.m
[RUN_FASTLANE] [37m›[39m [1mCompiling[22m [36mreact-native-worklets[39m Pods/RNWorklets » WorkletsVersion.cpp
[RUN_FASTLANE] [37m›[39m [1mCompiling[22m [36mreact-native-worklets[39m Pods/RNWorklets » WorkletsNetworking.mm
[RUN_FASTLANE] [37m›[39m [1mCompiling[22m [36m@triplot/mobile[39m Pods/ReactAppDependencyProvider » RCTAppDependencyProvider.mm
[RUN_FASTLANE] [37m›[39m [1mCompiling[22m [36mreact-native-worklets[39m Pods/RNWorklets » WorkletsModuleProxy.cpp
[RUN_FASTLANE] [37m›[39m [1mCompiling[22m [36mreact-native-worklets[39m Pods/RNWorklets » WorkletsModule.mm
[RUN_FASTLANE] [37m›[39m [1mCompiling[22m [36mreact-native-worklets[39m Pods/RNWorklets » WorkletsJSIUtils.cpp
[RUN_FASTLANE] [37m›[39m [1mCompiling[22m [36mreact-native-worklets[39m Pods/RNWorklets » WorkletRuntimeRegistry.cpp
[RUN_FASTLANE] [37m›[39m [1mCompiling[22m [36mreact-native-worklets[39m Pods/RNWorklets » WorkletRuntimeDecorator.cpp
[RUN_FASTLANE] [37m›[39m [1mPackaging[22m [36m@triplot/mobile[39m Pods/ReactCodegen » libReactCodegen.a
[RUN_FASTLANE] [37m›[39m [1mCompiling[22m [36mreact-native-worklets[39m Pods/RNWorklets » WorkletRuntime.cpp
[RUN_FASTLANE] [37m›[39m [1mCompiling[22m [36mreact-native-worklets[39m Pods/RNWorklets » WorkletHermesRuntime.cpp
[RUN_FASTLANE] [37m›[39m [1mCompiling[22m [36mreact-native-worklets[39m Pods/RNWorklets » WorkletEventHandler.cpp
[RUN_FASTLANE] [37m›[39m [1mCompiling[22m [36mreact-native-worklets[39m Pods/RNWorklets » VersionUtils.cpp
[RUN_FASTLANE] [37m›[39m [1mCompiling[22m [36mreact-native-worklets[39m Pods/RNWorklets » UIScheduler.cpp
[RUN_FASTLANE] [37m›[39m [1mCompiling[22m [36mreact-native-worklets[39m Pods/RNWorklets » UIRuntimeDecorator.cpp
[RUN_FASTLANE] [37m›[39m [1mCompiling[22m [36mreact-native-worklets[39m Pods/RNWorklets » SynchronizableAccess.cpp
[RUN_FASTLANE] [37m›[39m [1mCompiling[22m [36mreact-native-worklets[39m Pods/RNWorklets » Synchronizable.cpp
[RUN_FASTLANE] [37m›[39m [1mCompiling[22m [36mreact-native-worklets[39m Pods/RNWorklets » StableApi.cpp
[RUN_FASTLANE] [37m›[39m [1mCompiling[22m [36mreact-native-worklets[39m Pods/RNWorklets » SlowAnimations.mm
[RUN_FASTLANE] [37m›[39m [1mCompiling[22m [36mreact-native-worklets[39m Pods/RNWorklets » Shareable.cpp
[RUN_FASTLANE] [37m›[39m [1mCompiling[22m [36mreact-native-worklets[39m Pods/RNWorklets » SerializableRemoteFunction.cpp
[RUN_FASTLANE] [37m›[39m [1mCompiling[22m [36mreact-native-worklets[39m Pods/RNWorklets » SerializableFactory.cpp
[RUN_FASTLANE] [37m›[39m [1mCompiling[22m [36mreact-native-worklets[39m Pods/RNWorklets » Serializable.cpp
[RUN_FASTLANE] [37m›[39m [1mCompiling[22m [36mreact-native-worklets[39m Pods/RNWorklets » RuntimeManager.cpp
[RUN_FASTLANE] [37m›[39m [1mCompiling[22m [36mreact-native-worklets[39m Pods/RNWorklets » RNRuntimeWorkletDecorator.cpp
[RUN_FASTLANE] [37m›[39m [1mCompiling[22m [36mreact-native-worklets[39m Pods/RNWorklets » PlatformLogger.mm
[RUN_FASTLANE] [37m›[39m [1mCompiling[22m [36mreact-native-worklets[39m Pods/RNWorklets » MemoryManager.cpp
[RUN_FASTLANE] [37m›[39m [1mCompiling[22m [36mreact-native-worklets[39m Pods/RNWorklets » JSScheduler.cpp
[RUN_FASTLANE] [37m›[39m [1mCompiling[22m [36mreact-native-worklets[39m Pods/RNWorklets » JSLogger.cpp
[RUN_FASTLANE] [37m›[39m [1mCompiling[22m [36mreact-native-worklets[39m Pods/RNWorklets » JSIWorkletsModuleProxy.cpp
[RUN_FASTLANE] [37m›[39m [1mCompiling[22m [36mreact-native-worklets[39m Pods/RNWorklets » JSISerializer.cpp
[RUN_FASTLANE] [37m›[39m [1mCompiling[22m [36mreact-native-worklets[39m Pods/RNWorklets » IOSUIScheduler.mm
[RUN_FASTLANE] [37m›[39m [1mCompiling[22m [36mreact-native-worklets[39m Pods/RNWorklets » HermesProfiling.cpp
[RUN_FASTLANE] [37m›[39m [1mCompiling[22m [36mreact-native-worklets[39m Pods/RNWorklets » FeatureFlags.cpp
[RUN_FASTLANE] [37m›[39m [1mCompiling[22m [36mreact-native-worklets[39m Pods/RNWorklets » EventLoop.cpp
[RUN_FASTLANE] [37m›[39m [1mCompiling[22m [36mreact-native-worklets[39m Pods/RNWorklets » EventHandlerRegistry.cpp
[RUN_FASTLANE] [37m›[39m [1mCompiling[22m [36mreact-native-worklets[39m Pods/RNWorklets » AsyncQueueImpl.cpp
[RUN_FASTLANE] [37m›[39m [1mCompiling[22m [36mreact-native-worklets[39m Pods/RNWorklets » AnimationFrameQueue.mm
[RUN_FASTLANE] [37m›[39m [1mCompiling[22m [36mreact-native-worklets[39m Pods/RNWorklets » AnimationFrameBatchinator.cpp
[RUN_FASTLANE] [37m›[39m [1mExecuting[22m [36m@triplot/mobile[39m Pods/react-native-maps » [CP-User] react-native-maps patches
[RUN_FASTLANE] [37m›[39m [1mExecuting[22m [36mexpo-modules-jsi[39m Pods/ExpoModulesJSI » [CP] Copy XCFrameworks
[RUN_FASTLANE] [37m›[39m [1mCompiling[22m [36mreact-native-svg[39m Pods/RNSVG » RNSVGViewBox.mm
[RUN_FASTLANE] [37m›[39m [1mCompiling[22m [36mreact-native-svg[39m Pods/RNSVG » RNSVGUseManager.mm
[RUN_FASTLANE] [37m›[39m [1mCompiling[22m [36mreact-native-svg[39m Pods/RNSVG » RNSVGUse.mm
[RUN_FASTLANE] [37m›[39m [1mCompiling[22m [36mreact-native-svg[39m Pods/RNSVG » RNSVGTopAlignedLabel.ios.mm
[RUN_FASTLANE] [37m›[39m [1mCompiling[22m [36m@triplot/mobile[39m Pods/ReactAppDependencyProvider » ReactAppDependencyProvider-dummy.m
[RUN_FASTLANE] [37m›[39m [1mCompiling[22m [36mreact-native-svg[39m Pods/RNSVG » RNSVGTextProperties.mm
[RUN_FASTLANE] [37m›[39m [1mCompiling[22m [36mreact-native-svg[39m Pods/RNSVG » RNSVGTextPathManager.mm
[RUN_FASTLANE] [37m›[39m [1mPackaging[22m [36m@triplot/mobile[39m Pods/ReactAppDependencyProvider » libReactAppDependencyProvider.a
[RUN_FASTLANE] [37m›[39m [1mCompiling[22m [36mreact-native-svg[39m Pods/RNSVG » RNSVGTextPath.mm
[RUN_FASTLANE] [37m›[39m [1mCompiling[22m [36mreact-native-svg[39m Pods/RNSVG » RNSVGTextManager.mm
[RUN_FASTLANE] [37m›[39m [1mCompiling[22m [36mreact-native-svg[39m Pods/RNSVG » RNSVGText.mm
[RUN_FASTLANE] [37m›[39m [1mCompiling[22m [36mreact-native-svg[39m Pods/RNSVG » RNSVGTSpanManager.mm
[RUN_FASTLANE] [37m›[39m [1mCompiling[22m [36mreact-native-svg[39m Pods/RNSVG » RNSVGTSpan.mm
[RUN_FASTLANE] [37m›[39m [1mCompiling[22m [36mreact-native-svg[39m Pods/RNSVG » RNSVGSymbolManager.mm
[RUN_FASTLANE] [37m›[39m [1mCompiling[22m [36mreact-native-svg[39m Pods/RNSVG » RNSVGSymbol.mm
[RUN_FASTLANE] [37m›[39m [1mCompiling[22m [36mreact-native-svg[39m Pods/RNSVG » RNSVGSvgViewModule.mm
[RUN_FASTLANE] [37m›[39m [1mCompiling[22m [36mreact-native-svg[39m Pods/RNSVG » RNSVGSvgViewManager.mm
[RUN_FASTLANE] [37m›[39m [1mCompiling[22m [36mreact-native-svg[39m Pods/RNSVG » RNSVGSvgView.mm
[RUN_FASTLANE] [37m›[39m [1mCompiling[22m [36mreact-native-svg[39m Pods/RNSVG » RNSVGSolidColorBrush.mm
[RUN_FASTLANE] [37m›[39m [1mCompiling[22m [36mreact-native-svg[39m Pods/RNSVG » RNSVGShadowNodes.cpp
[RUN_FASTLANE] [37m›[39m [1mCompiling[22m [36mreact-native-svg[39m Pods/RNSVG » RNSVGRenderableModule.mm
[RUN_FASTLANE] [37m›[39m [1mCompiling[22m [36mreact-native-svg[39m Pods/RNSVG » RNSVGRenderableManager.mm
[RUN_FASTLANE] [37m›[39m [1mCompiling[22m [36mreact-native-svg[39m Pods/RNSVG » RNSVGRenderable.mm
[RUN_FASTLANE] [37m›[39m [1mCompiling[22m [36mreact-native-svg[39m Pods/RNSVG » RNSVGRenderUtils.mm
[RUN_FASTLANE] [37m›[39m [1mCompiling[22m [36mreact-native-svg[39m Pods/RNSVG » RNSVGRectManager.mm
[RUN_FASTLANE] [37m›[39m [1mCompiling[22m [36mreact-native-svg[39m Pods/RNSVG » RNSVGRect.mm
[RUN_FASTLANE] [37m›[39m [1mCompiling[22m [36mreact-native-svg[39m Pods/RNSVG » RNSVGRadialGradientManager.mm
[RUN_FASTLANE] [37m›[39m [1mCompiling[22m [36mreact-native-svg[39m Pods/RNSVG » RNSVGRadialGradient.mm
[RUN_FASTLANE] [37m›[39m [1mCompiling[22m [36mreact-native-svg[39m Pods/RNSVG » RNSVGPropHelper.mm
[RUN_FASTLANE] [37m›[39m [1mCompiling[22m [36mreact-native-svg[39m Pods/RNSVG » RNSVGPatternManager.mm
[RUN_FASTLANE] [37m›[39m [1mCompiling[22m [36mreact-native-svg[39m Pods/RNSVG » RNSVGPattern.mm
[RUN_FASTLANE] [37m›[39m [1mCompiling[22m [36mreact-native-svg[39m Pods/RNSVG » RNSVGPathParser.mm
[RUN_FASTLANE] [37m›[39m [1mCompiling[22m [36mreact-native-svg[39m Pods/RNSVG » RNSVGPathMeasure.mm
[RUN_FASTLANE] [37m›[39m [1mCompiling[22m [36mreact-native-svg[39m Pods/RNSVG » RNSVGPathManager.mm
[RUN_FASTLANE] [37m›[39m [1mCompiling[22m [36mreact-native-svg[39m Pods/RNSVG » RNSVGPath.mm
[RUN_FASTLANE] [37m›[39m [1mCompiling[22m [36mreact-native-svg[39m Pods/RNSVG » RNSVGPainterBrush.mm
[RUN_FASTLANE] [37m›[39m [1mCompiling[22m [36mreact-native-svg[39m Pods/RNSVG » RNSVGPainter.mm
[RUN_FASTLANE] [37m›[39m [1mCompiling[22m [36mreact-native-svg[39m Pods/RNSVG » RNSVGNodeManager.mm
[RUN_FASTLANE] [37m›[39m [1mCompiling[22m [36mreact-native-svg[39m Pods/RNSVG » RNSVGNode.mm
[RUN_FASTLANE] [37m›[39m [1mCompiling[22m [36mreact-native-svg[39m Pods/RNSVG » RNSVGMaskManager.mm
[RUN_FASTLANE] [37m›[39m [1mCompiling[22m [36mreact-native-svg[39m Pods/RNSVG » RNSVGMask.mm
[RUN_FASTLANE] [37m›[39m [1mCompiling[22m [36mreact-native-svg[39m Pods/RNSVG » RNSVGMarkerPosition.mm
[RUN_FASTLANE] [37m›[39m [1mCompiling[22m [36mreact-native-svg[39m Pods/RNSVG » RNSVGMarkerManager.mm
[RUN_FASTLANE] [37m›[39m [1mCompiling[22m [36mreact-native-svg[39m Pods/RNSVG » RNSVGMarker.mm
[RUN_FASTLANE] [37m›[39m [1mCompiling[22m [36mreact-native-svg[39m Pods/RNSVG » RNSVGLinearGradientManager.mm
[RUN_FASTLANE] [37m›[39m [1mCompiling[22m [36mreact-native-svg[39m Pods/RNSVG » RNSVGLinearGradient.mm
[RUN_FASTLANE] [37m›[39m [1mCompiling[22m [36mreact-native-svg[39m Pods/RNSVG » RNSVGLineManager.mm
[RUN_FASTLANE] [37m›[39m [1mCompiling[22m [36mreact-native-svg[39m Pods/RNSVG » RNSVGLine.mm
[RUN_FASTLANE] [37m›[39m [1mCompiling[22m [36mreact-native-svg[39m Pods/RNSVG » RNSVGLength.mm
[RUN_FASTLANE] [37m›[39m [1mCompiling[22m [36mreact-native-svg[39m Pods/RNSVG » RNSVGLayoutableShadowNode.cpp
[RUN_FASTLANE] [37m›[39m [1mCompiling[22m [36mreact-native-svg[39m Pods/RNSVG » RNSVGImageState.cpp
[RUN_FASTLANE] [37m›[39m [1mCompiling[22m [36mreact-native-svg[39m Pods/RNSVG » RNSVGImageShadowNode.cpp
[RUN_FASTLANE] [37m›[39m [1mCompiling[22m [36mreact-native-svg[39m Pods/RNSVG » RNSVGImageManager.mm
[RUN_FASTLANE] [37m›[39m [1mCompiling[22m [36mreact-native-svg[39m Pods/RNSVG » RNSVGImage.mm
[RUN_FASTLANE] [37m›[39m [1mCompiling[22m [36mreact-native-svg[39m Pods/RNSVG » RNSVGGroupManager.mm
[RUN_FASTLANE] [37m›[39m [1mCompiling[22m [36mreact-native-svg[39m Pods/RNSVG » RNSVGGroup.mm
[RUN_FASTLANE] [37m›[39m [1mCompiling[22m [36mreact-native-svg[39m Pods/RNSVG » RNSVGGlyphContext.mm
[RUN_FASTLANE] [37m›[39m [1mCompiling[22m [36mreact-native-svg[39m Pods/RNSVG » RNSVGForeignObjectManager.mm
[RUN_FASTLANE] [37m›[39m [1mCompiling[22m [36mreact-native-svg[39m Pods/RNSVG » RNSVGForeignObject.mm
[RUN_FASTLANE] [37m›[39m [1mCompiling[22m [36mreact-native-svg[39m Pods/RNSVG » RNSVGFontData.mm
[RUN_FASTLANE] [37m›[39m [1mCompiling[22m [36mreact-native-svg[39m Pods/RNSVG » RNSVGFilterRegion.mm
[RUN_FASTLANE] [37m›[39m [1mCompiling[22m [36mreact-native-svg[39m Pods/RNSVG » RNSVGFilterPrimitiveManager.mm
[RUN_FASTLANE] [37m›[39m [1mCompiling[22m [36mreact-native-svg[39m Pods/RNSVG » RNSVGFilterPrimitive.mm
[RUN_FASTLANE] [37m›[39m [1mCompiling[22m [36mreact-native-svg[39m Pods/RNSVG » RNSVGFilterManager.mm
[RUN_FASTLANE] [37m›[39m [1mCompiling[22m [36mreact-native-svg[39m Pods/RNSVG » RNSVGFilter.mm
[RUN_FASTLANE] [37m›[39m [1mCompiling[22m [36mreact-native-svg[39m Pods/RNSVG » RNSVGFeOffsetManager.mm
[RUN_FASTLANE] [37m›[39m [1mCompiling[22m [36mreact-native-svg[39m Pods/RNSVG » RNSVGFeOffset.mm
[RUN_FASTLANE] [37m›[39m [1mCompiling[22m [36mreact-native-svg[39m Pods/RNSVG » RNSVGFeMergeManager.mm
[RUN_FASTLANE] [37m›[39m [1mCompiling[22m [36mreact-native-svg[39m Pods/RNSVG » RNSVGFeMerge.mm
[RUN_FASTLANE] [37m›[39m [1mCompiling[22m [36mreact-native-svg[39m Pods/RNSVG » RNSVGFeGaussianBlurManager.mm
[RUN_FASTLANE] [37m›[39m [1mCompiling[22m [36mreact-native-svg[39m Pods/RNSVG » RNSVGFeGaussianBlur.mm
[RUN_FASTLANE] [37m›[39m [1mCompiling[22m [36mreact-native-svg[39m Pods/RNSVG » RNSVGFeFloodManager.mm
[RUN_FASTLANE] [37m›[39m [1mCompiling[22m [36mreact-native-svg[39m Pods/RNSVG » RNSVGFeFlood.mm
[RUN_FASTLANE] [37m›[39m [1mCompiling[22m [36mreact-native-svg[39m Pods/RNSVG » RNSVGFeCompositeManager.mm
[RUN_FASTLANE] [37m›[39m [1mCompiling[22m [36mreact-native-svg[39m Pods/RNSVG » RNSVGFeComposite.mm
[RUN_FASTLANE] [37m›[39m [1mCompiling[22m [36mreact-native-svg[39m Pods/RNSVG » RNSVGFeColorMatrixManager.mm
[RUN_FASTLANE] [37m›[39m [1mCompiling[22m [36mreact-native-svg[39m Pods/RNSVG » RNSVGFeColorMatrix.mm
[RUN_FASTLANE] [37m›[39m [1mCompiling[22m [36mreact-native-svg[39m Pods/RNSVG » RNSVGFeBlendManager.mm
[RUN_FASTLANE] [37m›[39m [1mCompiling[22m [36mreact-native-svg[39m Pods/RNSVG » RNSVGFeBlend.mm
[RUN_FASTLANE] [37m›[39m [1mCompiling[22m [36mreact-native-svg[39m Pods/RNSVG » RNSVGEllipseManager.mm
[RUN_FASTLANE] [37m›[39m [1mCompiling[22m [36mreact-native-svg[39m Pods/RNSVG » RNSVGEllipse.mm
[RUN_FASTLANE] [37m›[39m [1mCompiling[22m [36mreact-native-svg[39m Pods/RNSVG » RNSVGDefsManager.mm
[RUN_FASTLANE] [37m›[39m [1mCompiling[22m [36mreact-native-svg[39m Pods/RNSVG » RNSVGDefs.mm
[RUN_FASTLANE] [37m›[39m [1mCompiling[22m [36mreact-native-svg[39m Pods/RNSVG » RNSVGCustomFilter.mm
[RUN_FASTLANE] [37m›[39m [1mCompiling[22m [36mreact-native-svg[39m Pods/RNSVG » RNSVGConvert.mm
[RUN_FASTLANE] [37m›[39m [1mCompiling[22m [36mreact-native-svg[39m Pods/RNSVG » RNSVGContextBrush.mm
[RUN_FASTLANE] [37m›[39m [1mCompiling[22m [36mreact-native-svg[39m Pods/RNSVG » RNSVGCompositeXor.mm
[RUN_FASTLANE] [37m›[39m [1mCompiling[22m [36mreact-native-svg[39m Pods/RNSVG » RNSVGClipPathManager.mm
[RUN_FASTLANE] [37m›[39m [1mCompiling[22m [36mreact-native-svg[39m Pods/RNSVG » RNSVGClipPath.mm
[RUN_FASTLANE] [37m›[39m [1mCompiling[22m [36mreact-native-svg[39m Pods/RNSVG » RNSVGCircleManager.mm
[RUN_FASTLANE] [37m›[39m [1mCompiling[22m [36mreact-native-svg[39m Pods/RNSVG » RNSVGCircle.mm
[RUN_FASTLANE] [37m›[39m [1mCompiling[22m [36mreact-native-svg[39m Pods/RNSVG » RNSVGBrush.mm
[RUN_FASTLANE] [37m›[39m [1mCompiling[22m [36mreact-native-svg[39m Pods/RNSVG » RNSVGBezierElement.mm
[RUN_FASTLANE] [37m›[39m [1mCompiling[22m [36mreact-native-svg[39m Pods/RNSVG » RNSVGArithmeticFilter.mm
[RUN_FASTLANE] [37m›[39m [1mCompiling[22m [36mreact-native-svg[39m Pods/RNSVG » RCTConvert+RNSVG.mm
[RUN_FASTLANE] [37m›[39m [1mCompiling[22m [36mreact-native-maps[39m Pods/react-native-maps » States.cpp
[RUN_FASTLANE] [37m›[39m [1mCompiling[22m [36mreact-native-maps[39m Pods/react-native-maps » ShadowNodes.cpp
[RUN_FASTLANE] [37m›[39m [1mCompiling[22m [36mreact-native-maps[39m Pods/react-native-maps » RNMapsSpecsJSI-generated.cpp
[RUN_FASTLANE] [37m›[39m [1mCompiling[22m [36mreact-native-maps[39m Pods/react-native-maps » RNMapsSpecs-generated.mm
[RUN_FASTLANE] [37m›[39m [1mCompiling[22m [36mreact-native-maps[39m Pods/react-native-maps » RNMapsMarkerViewManager.mm
[RUN_FASTLANE] [37m›[39m [1mCompiling[22m [36mreact-native-maps[39m Pods/react-native-maps » RNMapsMarkerView.mm
[RUN_FASTLANE] [37m›[39m [1mCompiling[22m [36mreact-native-maps[39m Pods/react-native-maps » RNMapsMapViewManager.mm
[RUN_FASTLANE] [37m›[39m [1mCompiling[22m [36mreact-native-maps[39m Pods/react-native-maps » RNMapsMapView.mm
[RUN_FASTLANE] [37m›[39m [1mCompiling[22m [36mreact-native-maps[39m Pods/react-native-maps » RNMapsGooglePolygonViewManager.mm
[RUN_FASTLANE] [37m›[39m [1mCompiling[22m [36mreact-native-maps[39m Pods/react-native-maps » RNMapsGooglePolygonView.mm
[RUN_FASTLANE] [37m›[39m [1mCompiling[22m [36mreact-native-maps[39m Pods/react-native-maps » RNMapsGoogleMapViewManager.mm
[RUN_FASTLANE] [37m›[39m [1mCompiling[22m [36mreact-native-maps[39m Pods/react-native-maps » RNMapsGoogleMapView.mm
[RUN_FASTLANE] [37m›[39m [1mCompiling[22m [36mreact-native-maps[39m Pods/react-native-maps » RNMapsAirModule.mm
[RUN_FASTLANE] [37m›[39m [1mCompiling[22m [36mreact-native-maps[39m Pods/react-native-maps » Props.cpp
[RUN_FASTLANE] [37m›[39m [1mCompiling[22m [36mreact-native-maps[39m Pods/react-native-maps » PlaceHolderPolygonView.mm
[RUN_FASTLANE] [37m›[39m [1mCompiling[22m [36mreact-native-maps[39m Pods/react-native-maps » PlaceHolderGoogleMapView.mm
[RUN_FASTLANE] [37m›[39m [1mCompiling[22m [36mreact-native-maps[39m Pods/react-native-maps » EventEmitters.cpp
[RUN_FASTLANE] [37m›[39m [1mCompiling[22m [36mreact-native-maps[39m Pods/react-native-maps » ComponentDescriptors.cpp
[RUN_FASTLANE] [37m›[39m [1mCompiling[22m [36mreact-native-maps[39m Pods/react-native-maps » AIRMap.mm
[RUN_FASTLANE] [37m›[39m [1mCompiling[22m [36mreact-native-maps[39m Pods/react-native-maps » AIRGoogleMapManager.mm
[RUN_FASTLANE] [37m›[39m [1mCompiling[22m [36mreact-native-maps[39m Pods/react-native-maps » AIRGoogleMap.mm
[RUN_FASTLANE] [37m›[39m [1mCompiling[22m [36m@triplot/mobile[39m Pods/react-native-maps » react-native-maps-dummy.m
[RUN_FASTLANE] [37m›[39m [1mCompiling[22m [36mreact-native-safe-area-context[39m Pods/react-native-safe-area-context » RNCSafeAreaViewMode.m
[RUN_FASTLANE] [37m›[39m [1mCompiling[22m [36mreact-native-safe-area-context[39m Pods/react-native-safe-area-context » RNCSafeAreaViewManager.m
[RUN_FASTLANE] [37m›[39m [1mCompiling[22m [36mreact-native-safe-area-context[39m Pods/react-native-safe-area-context » RNCSafeAreaViewLocalData.m
[RUN_FASTLANE] [37m›[39m [1mCompiling[22m [36mreact-native-safe-area-context[39m Pods/react-native-safe-area-context » RNCSafeAreaViewEdges.m
[RUN_FASTLANE] [37m›[39m [1mCompiling[22m [36mreact-native-safe-area-context[39m Pods/react-native-safe-area-context » RNCSafeAreaViewEdgeMode.m
[RUN_FASTLANE] [37m›[39m [1mCompiling[22m [36mreact-native-safe-area-context[39m Pods/react-native-safe-area-context » RNCSafeAreaView.m
[RUN_FASTLANE] [37m›[39m [1mCompiling[22m [36mreact-native-safe-area-context[39m Pods/react-native-safe-area-context » RNCSafeAreaUtils.m
[RUN_FASTLANE] [37m›[39m [1mCompiling[22m [36mreact-native-safe-area-context[39m Pods/react-native-safe-area-context » RNCSafeAreaShadowView.m
[RUN_FASTLANE] [37m›[39m [1mCompiling[22m [36mreact-native-safe-area-context[39m Pods/react-native-safe-area-context » RNCSafeAreaProviderManager.m
[RUN_FASTLANE] [37m›[39m [1mCompiling[22m [36mreact-native-safe-area-context[39m Pods/react-native-safe-area-context » RNCSafeAreaProvider.m
[RUN_FASTLANE] [37m›[39m [1mCompiling[22m [36mreact-native-safe-area-context[39m Pods/react-native-safe-area-context » RNCOnInsetsChangeEvent.m
[RUN_FASTLANE] [37m›[39m [1mCompiling[22m [36mreact-native-worklets[39m Pods/RNWorklets » RNWorklets-dummy.m
[RUN_FASTLANE] [37m›[39m [1mPackaging[22m [36mreact-native-worklets[39m Pods/RNWorklets » libRNWorklets.a
[RUN_FASTLANE] [37m›[39m [1mPackaging[22m [36mreact-native-safe-area-context[39m Pods/react-native-safe-area-context » libreact-native-safe-area-context.a
[RUN_FASTLANE] [37m›[39m [1mCompiling[22m [36mreact-native-svg[39m Pods/RNSVG » RNSVG-dummy.m
[RUN_FASTLANE] [37m›[39m [1mPackaging[22m [36mreact-native-svg[39m Pods/RNSVG » libRNSVG.a
[RUN_FASTLANE] [37m›[39m [1mCompiling[22m [36mreact-native-screens[39m Pods/RNScreens » UIWindow+RNScreens.mm
[RUN_FASTLANE] [37m›[39m [1mCompiling[22m [36mreact-native-screens[39m Pods/RNScreens » UIViewController+RNScreens.mm
[RUN_FASTLANE] [37m›[39m [1mCompiling[22m [36mreact-native-screens[39m Pods/RNScreens » UIView+RNSUtility.mm
[RUN_FASTLANE] [37m›[39m [1mCompiling[22m [36mreact-native-screens[39m Pods/RNScreens » UIScrollView+RNScreens.mm
[RUN_FASTLANE] [37m›[39m [1mCompiling[22m [36mreact-native-screens[39m Pods/RNScreens » UINavigationBar+RNSUtility.mm
[RUN_FASTLANE] [37m›[39m [1mCompiling[22m [36mreact-native-screens[39m Pods/RNScreens » RNScreensTurboModule.cpp
[RUN_FASTLANE] [37m›[39m [1mCompiling[22m [36mreact-native-screens[39m Pods/RNScreens » RNSTabsScreenViewController.mm
[RUN_FASTLANE] [37m›[39m [1mCompiling[22m [36mreact-native-screens[39m Pods/RNScreens » RNSTabsScreenEventEmitter.mm
[RUN_FASTLANE] [37m›[39m [1mCompiling[22m [36mreact-native-screens[39m Pods/RNScreens » RNSTabsScreenComponentView.mm
[RUN_FASTLANE] [37m›[39m [1mCompiling[22m [36mreact-native-screens[39m Pods/RNScreens » RNSTabsNavigationStateObserverRegistry.mm
[RUN_FASTLANE] [37m›[39m [1mCompiling[22m [36mreact-native-screens[39m Pods/RNScreens » RNSTabsNavigationState.mm
[RUN_FASTLANE] [37m›[39m [1mCompiling[22m [36mreact-native-screens[39m Pods/RNScreens » RNSTabsHostState.cpp
[RUN_FASTLANE] [37m›[39m [1mCompiling[22m [36mreact-native-screens[39m Pods/RNScreens » RNSTabsHostShadowNode.cpp
[RUN_FASTLANE] [37m›[39m [1mCompiling[22m [36mreact-native-screens[39m Pods/RNScreens » RNSTabsHostEventEmitter.mm
[RUN_FASTLANE] [37m›[39m [1mCompiling[22m [36mreact-native-screens[39m Pods/RNScreens » RNSTabsHostComponentView.mm
[RUN_FASTLANE] [37m›[39m [1mCompiling[22m [36mreact-native-screens[39m Pods/RNScreens » RNSTabsHostComponentView+RNSImageLoader.mm
[RUN_FASTLANE] [37m›[39m [1mCompiling[22m [36mreact-native-screens[39m Pods/RNScreens » RNSTabsBottomAccessoryShadowStateProxy.mm
[RUN_FASTLANE] [37m›[39m [1mCompiling[22m [36mreact-native-screens[39m Pods/RNScreens » RNSTabsBottomAccessoryShadowNode.cpp
[RUN_FASTLANE] [37m›[39m [1mCompiling[22m [36mreact-native-screens[39m Pods/RNScreens » RNSTabsBottomAccessoryHelper.mm
[RUN_FASTLANE] [37m›[39m [1mCompiling[22m [36mreact-native-screens[39m Pods/RNScreens » RNSTabsBottomAccessoryEventEmitter.mm
[RUN_FASTLANE] [37m›[39m [1mCompiling[22m [36mreact-native-screens[39m Pods/RNScreens » RNSTabsBottomAccessoryContentComponentView.mm
[RUN_FASTLANE] [37m›[39m [1mCompiling[22m [36mreact-native-screens[39m Pods/RNScreens » RNSTabsBottomAccessoryComponentView.mm
[RUN_FASTLANE] [37m›[39m [1mCompiling[22m [36mreact-native-screens[39m Pods/RNScreens » RNSTabBarController.mm
[RUN_FASTLANE] [37m›[39m [1mCompiling[22m [36mreact-native-screens[39m Pods/RNScreens » RNSTabBarAppearanceCoordinator.mm
[RUN_FASTLANE] [37m›[39m [1mCompiling[22m [36mreact-native-screens[39m Pods/RNScreens » RNSStackScreenState.cpp
[RUN_FASTLANE] [37m›[39m [1mCompiling[22m [36mreact-native-screens[39m Pods/RNScreens » RNSStackScreenShadowNode.cpp
[RUN_FASTLANE] [37m›[39m [1mCompiling[22m [36mreact-native-screens[39m Pods/RNScreens » RNSStackScreenHeaderCoordinator.mm
[RUN_FASTLANE] [37m›[39m [1mCompiling[22m [36mreact-native-screens[39m Pods/RNScreens » RNSStackScreenController.mm
[RUN_FASTLANE] [37m›[39m [1mCompiling[22m [36mreact-native-screens[39m Pods/RNScreens » RNSStackScreenComponentViewManager.mm
[RUN_FASTLANE] [37m›[39m [1mCompiling[22m [36mreact-native-screens[39m Pods/RNScreens » RNSStackScreenComponentView.mm
[RUN_FASTLANE] [37m›[39m [1mCompiling[22m [36mreact-native-screens[39m Pods/RNScreens » RNSStackScreenComponentEventEmitter.mm
[RUN_FASTLANE] [37m›[39m [1mCompiling[22m [36mreact-native-screens[39m Pods/RNScreens » RNSStackOperationCoordinator.mm
[RUN_FASTLANE] [37m›[39m [1mCompiling[22m [36mreact-native-screens[39m Pods/RNScreens » RNSStackOperation.mm
[RUN_FASTLANE] [37m›[39m [1mCompiling[22m [36mreact-native-screens[39m Pods/RNScreens » RNSStackNavigationController.mm
[RUN_FASTLANE] [37m›[39m [1mCompiling[22m [36mreact-native-screens[39m Pods/RNScreens » RNSStackNavigationBarCoordinator.mm
[RUN_FASTLANE] [37m›[39m [1mCompiling[22m [36mreact-native-screens[39m Pods/RNScreens » RNSStackHostComponentViewManager.mm
[RUN_FASTLANE] [37m›[39m [1mCompiling[22m [36mreact-native-screens[39m Pods/RNScreens » RNSStackHostComponentView.mm
[RUN_FASTLANE] [37m›[39m [1mCompiling[22m [36mreact-native-screens[39m Pods/RNScreens » RNSStackHeaderSubviewState.cpp
[RUN_FASTLANE] [37m›[39m [1mCompiling[22m [36mreact-native-screens[39m Pods/RNScreens » RNSStackHeaderSubviewShadowNode.cpp
[RUN_FASTLANE] [37m›[39m [1mCompiling[22m [36mreact-native-screens[39m Pods/RNScreens » RNSStackHeaderMenuTrackerRegistry.mm
[RUN_FASTLANE] [37m›[39m [1mCompiling[22m [36mreact-native-screens[39m Pods/RNScreens » RNSStackHeaderMenuToggleStateTracker.mm
[RUN_FASTLANE] [37m›[39m [1mCompiling[22m [36mreact-native-screens[39m Pods/RNScreens » RNSStackHeaderMenuMapper.mm
[RUN_FASTLANE] [37m›[39m [1mCompiling[22m [36mreact-native-screens[39m Pods/RNScreens » RNSStackHeaderMenuData.mm
[RUN_FASTLANE] [37m›[39m [1mCompiling[22m [36mreact-native-screens[39m Pods/RNScreens » RNSStackHeaderMenuCoordinator.mm
[RUN_FASTLANE] [37m›[39m [1mCompiling[22m [36mreact-native-screens[39m Pods/RNScreens » RNSStackHeaderItemWrapperView.mm
[RUN_FASTLANE] [37m›[39m [1mCompiling[22m [36mreact-native-screens[39m Pods/RNScreens » RNSStackHeaderItemState.cpp
[RUN_FASTLANE] [37m›[39m [1mCompiling[22m [36mreact-native-screens[39m Pods/RNScreens » RNSStackHeaderItemSpacerComponentView.mm
[RUN_FASTLANE] [37m›[39m [1mCompiling[22m [36mreact-native-screens[39m Pods/RNScreens » RNSStackHeaderItemShadowStateProxy.mm
[RUN_FASTLANE] [37m›[39m [1mCompiling[22m [36mreact-native-screens[39m Pods/RNScreens » RNSStackHeaderItemShadowNode.cpp
[RUN_FASTLANE] [37m›[39m [1mCompiling[22m [36mreact-native-screens[39m Pods/RNScreens » RNSStackHeaderItemEventEmitter.mm
[RUN_FASTLANE] [37m›[39m [1mCompiling[22m [36mreact-native-screens[39m Pods/RNScreens » RNSStackHeaderItemComponentView.mm
[RUN_FASTLANE] [37m›[39m [1mCompiling[22m [36mreact-native-screens[39m Pods/RNScreens » RNSStackHeaderContentFactory.mm
[RUN_FASTLANE] [37m›[39m [1mCompiling[22m [36mreact-native-screens[39m Pods/RNScreens » RNSStackHeaderConfigState.cpp
[RUN_FASTLANE] [37m›[39m [1mCompiling[22m [36mreact-native-screens[39m Pods/RNScreens » RNSStackHeaderConfigShadowStateProxy.mm
[RUN_FASTLANE] [37m›[39m [1mCompiling[22m [36mreact-native-screens[39m Pods/RNScreens » RNSStackHeaderConfigShadowNode.cpp
[RUN_FASTLANE] [37m›[39m [1mCompiling[22m [36mreact-native-screens[39m Pods/RNScreens » RNSStackHeaderConfigEventEmitter.mm
[RUN_FASTLANE] [37m›[39m [1mCompiling[22m [36mreact-native-screens[39m Pods/RNScreens » RNSStackHeaderConfigComponentView.mm
[RUN_FASTLANE] [37m›[39m [1mCompiling[22m [36mreact-native-screens[39m Pods/RNScreens » RNSSplitScreenShadowStateProxy.mm
[RUN_FASTLANE] [37m›[39m [1mCompiling[22m [36mreact-native-screens[39m Pods/RNScreens » RNSSplitScreenShadowNode.cpp
[RUN_FASTLANE] [37m›[39m [1mCompiling[22m [36mreact-native-screens[39m Pods/RNScreens » RNSSplitScreenComponentViewManager.mm
[RUN_FASTLANE] [37m›[39m [1mCompiling[22m [36mreact-native-screens[39m Pods/RNScreens » RNSSplitScreenComponentView.mm
[RUN_FASTLANE] [37m›[39m [1mCompiling[22m [36mreact-native-screens[39m Pods/RNScreens » RNSSplitScreenComponentEventEmitter.mm
[RUN_FASTLANE] [37m›[39m [1mCompiling[22m [36mreact-native-screens[39m Pods/RNScreens » RNSSplitHostComponentViewManager.mm
[RUN_FASTLANE] [37m›[39m [1mCompiling[22m [36mreact-native-screens[39m Pods/RNScreens » RNSSplitHostComponentView.mm
[RUN_FASTLANE] [37m›[39m [1mCompiling[22m [36mreact-native-screens[39m Pods/RNScreens » RNSSplitHostComponentEventEmitter.mm
[RUN_FASTLANE] [37m›[39m [1mCompiling[22m [36mreact-native-screens[39m Pods/RNScreens » RNSSearchBar.mm
[RUN_FASTLANE] [37m›[39m [1mCompiling[22m [36mreact-native-screens[39m Pods/RNScreens » RNSScrollViewMarkerComponentView.mm
[RUN_FASTLANE] [37m›[39m [1mCompiling[22m [36mreact-native-screens[39m Pods/RNScreens » RNSScrollViewHelper.mm
[RUN_FASTLANE] [37m›[39m [1mCompiling[22m [36mreact-native-screens[39m Pods/RNScreens » RNSScrollViewFinder.mm
[RUN_FASTLANE] [37m›[39m [1mCompiling[22m [36mreact-native-screens[39m Pods/RNScreens » RNSScrollEdgeEffectApplicator.mm
[RUN_FASTLANE] [37m›[39m [1mCompiling[22m [36mreact-native-screens[39m Pods/RNScreens » RNSScreenWindowTraits.mm
[RUN_FASTLANE] [37m›[39m [1mCompiling[22m [36mreact-native-screens[39m Pods/RNScreens » RNSScreenViewEvent.mm
[RUN_FASTLANE] [37m›[39m [1mCompiling[22m [36mreact-native-screens[39m Pods/RNScreens » RNSScreenState.cpp
[RUN_FASTLANE] [37m›[39m [1mCompiling[22m [36mreact-native-screens[39m Pods/RNScreens » RNSScreenStackHeaderSubviewState.cpp
[RUN_FASTLANE] [37m›[39m [1mCompiling[22m [36mreact-native-screens[39m Pods/RNScreens » RNSScreenStackHeaderSubviewShadowNode.cpp
[RUN_FASTLANE] [37m›[39m [1mCompiling[22m [36mreact-native-screens[39m Pods/RNScreens » RNSScreenStackHeaderSubview.mm
[RUN_FASTLANE] [37m›[39m [1mCompiling[22m [36mreact-native-screens[39m Pods/RNScreens » RNSScreenStackHeaderConfigState.cpp
[RUN_FASTLANE] [37m›[39m [1mCompiling[22m [36mreact-native-screens[39m Pods/RNScreens » RNSScreenStackHeaderConfigShadowNode.cpp
[RUN_FASTLANE] [37m›[39m [1mCompiling[22m [36mreact-native-screens[39m Pods/RNScreens » RNSScreenStackHeaderConfig.mm
[RUN_FASTLANE] [37m›[39m [1mCompiling[22m [36mreact-native-screens[39m Pods/RNScreens » RNSScreenStackAnimator.mm
[RUN_FASTLANE] [37m›[39m [1mCompiling[22m [36mreact-native-screens[39m Pods/RNScreens » RNSScreenStack.mm
[RUN_FASTLANE] [37m›[39m [1mCompiling[22m [36mreact-native-screens[39m Pods/RNScreens » RNSScreenShadowNodeCommitHook.cpp
[RUN_FASTLANE] [37m›[39m [1mCompiling[22m [36mreact-native-screens[39m Pods/RNScreens » RNSScreenShadowNode.cpp
[RUN_FASTLANE] [37m›[39m [1mCompiling[22m [36mreact-native-screens[39m Pods/RNScreens » RNSScreenRemovalListener.cpp
[RUN_FASTLANE] [37m›[39m [1mCompiling[22m [36mreact-native-screens[39m Pods/RNScreens » RNSScreenNavigationContainer.mm
[RUN_FASTLANE] [37m›[39m [1mCompiling[22m [36mreact-native-screens[39m Pods/RNScreens » RNSScreenFooter.mm
[RUN_FASTLANE] [37m›[39m [1mCompiling[22m [36mreact-native-screens[39m Pods/RNScreens » RNSScreenContentWrapper.mm
[RUN_FASTLANE] [37m›[39m [1mCompiling[22m [36mreact-native-screens[39m Pods/RNScreens » RNSScreenContainer.mm
[RUN_FASTLANE] [37m›[39m [1mCompiling[22m [36mreact-native-screens[39m Pods/RNScreens » RNSScreen.mm
[RUN_FASTLANE] [37m›[39m [1mCompiling[22m [36mreact-native-screens[39m Pods/RNScreens » RNSSafeAreaViewState.cpp
[RUN_FASTLANE] [37m›[39m [1mCompiling[22m [36mreact-native-screens[39m Pods/RNScreens » RNSSafeAreaViewShadowNode.cpp
[RUN_FASTLANE] [37m›[39m [1mCompiling[22m [36mreact-native-screens[39m Pods/RNScreens » RNSSafeAreaViewComponentView.mm
[RUN_FASTLANE] [37m›[39m [1mCompiling[22m [36mreact-native-screens[39m Pods/RNScreens » RNSReactBaseView.mm
[RUN_FASTLANE] [37m›[39m [1mCompiling[22m [36mreact-native-screens[39m Pods/RNScreens » RNSPresentationSourceProvider.mm
[RUN_FASTLANE] [37m›[39m [1mCompiling[22m [36mreact-native-screens[39m Pods/RNScreens » RNSPercentDrivenInteractiveTransition.mm
[RUN_FASTLANE] [37m›[39m [1mCompiling[22m [36mreact-native-screens[39m Pods/RNScreens » RNSParentContainerItemRegistry.mm
[RUN_FASTLANE] [37m›[39m [1mCompiling[22m [36mreact-native-screens[39m Pods/RNScreens » RNSModule.mm
[RUN_FASTLANE] [37m›[39m [1mCompiling[22m [36mreact-native-screens[39m Pods/RNScreens » RNSModalScreenShadowNode.cpp
[RUN_FASTLANE] [37m›[39m [1mCompiling[22m [36mreact-native-screens[39m Pods/RNScreens » RNSModalScreen.mm
[RUN_FASTLANE] [37m›[39m [1mCompiling[22m [36mreact-native-screens[39m Pods/RNScreens » RNSImageLoadingHelper.mm
[RUN_FASTLANE] [37m›[39m [1mCompiling[22m [36mreact-native-screens[39m Pods/RNScreens » RNSHeaderHeightChangeEvent.mm
[RUN_FASTLANE] [37m›[39m [1mCompiling[22m [36mreact-native-screens[39m Pods/RNScreens » RNSFullWindowOverlayShadowNode.cpp
[RUN_FASTLANE] [37m›[39m [1mCompiling[22m [36mreact-native-screens[39m Pods/RNScreens » RNSFullWindowOverlay.mm
[RUN_FASTLANE] [37m›[39m [1mCompiling[22m [36mreact-native-screens[39m Pods/RNScreens » RNSFormSheetUpdateCoordinator.mm
[RUN_FASTLANE] [37m›[39m [1mCompiling[22m [36mreact-native-screens[39m Pods/RNScreens » RNSFormSheetPresentationManager.mm
[RUN_FASTLANE] [37m›[39m [1mCompiling[22m [36mreact-native-screens[39m Pods/RNScreens » RNSFormSheetHostState.cpp
[RUN_FASTLANE] [37m›[39m [1mCompiling[22m [36mreact-native-screens[39m Pods/RNScreens » RNSFormSheetHostShadowStateProxy.mm
[RUN_FASTLANE] [37m›[39m [1mCompiling[22m [36mreact-native-screens[39m Pods/RNScreens » RNSFormSheetHostShadowNode.cpp
[RUN_FASTLANE] [37m›[39m [1mCompiling[22m [36mreact-native-screens[39m Pods/RNScreens » RNSFormSheetHostEventEmitter.mm
[RUN_FASTLANE] [37m›[39m [1mCompiling[22m [36mreact-native-screens[39m Pods/RNScreens » RNSFormSheetHostComponentView.mm
[RUN_FASTLANE] [37m›[39m [1mCompiling[22m [36mreact-native-screens[39m Pods/RNScreens » RNSFormSheetDetentResolver.mm
[RUN_FASTLANE] [37m›[39m [1mCompiling[22m [36mreact-native-screens[39m Pods/RNScreens » RNSFormSheetContentWrapperComponentView.mm
[RUN_FASTLANE] [37m›[39m [1mCompiling[22m [36mreact-native-screens[39m Pods/RNScreens » RNSFormSheetContentView.mm
[RUN_FASTLANE] [37m›[39m [1mCompiling[22m [36mreact-native-screens[39m Pods/RNScreens » RNSFormSheetContentController.mm
[RUN_FASTLANE] [37m›[39m [1mCompiling[22m [36mreact-native-screens[39m Pods/RNScreens » RNSFormSheetConfigurationApplicator.mm
[RUN_FASTLANE] [37m›[39m [1mCompiling[22m [36mreact-native-screens[39m Pods/RNScreens » RNSConvert.mm
[RUN_FASTLANE] [37m›[39m [1mCompiling[22m [36mreact-native-screens[39m Pods/RNScreens » RNSConversions.mm
[RUN_FASTLANE] [37m›[39m [1mCompiling[22m [36mreact-native-screens[39m Pods/RNScreens » RNSConversions-Tabs.mm
[RUN_FASTLANE] [37m›[39m [1mCompiling[22m [36mreact-native-screens[39m Pods/RNScreens » RNSConversions-Stack.mm
[RUN_FASTLANE] [37m›[39m [1mCompiling[22m [36mreact-native-screens[39m Pods/RNScreens » RNSConversions-SplitView.mm
[RUN_FASTLANE] [37m›[39m [1mCompiling[22m [36mreact-native-screens[39m Pods/RNScreens » RNSConversions-ScrollViewMarker.mm
[RUN_FASTLANE] [37m›[39m [1mCompiling[22m [36mreact-native-screens[39m Pods/RNScreens » RNSConversions-Fabric.mm
[RUN_FASTLANE] [37m›[39m [1mCompiling[22m [36mreact-native-screens[39m Pods/RNScreens » RNSContainerItemSupport.mm
[RUN_FASTLANE] [37m›[39m [1mCompiling[22m [36mreact-native-screens[39m Pods/RNScreens » RNSContainerHelpers.mm
[RUN_FASTLANE] [37m›[39m [1mCompiling[22m [36mreact-native-screens[39m Pods/RNScreens » RNSBarButtonItem.mm
[RUN_FASTLANE] [37m›[39m [1mCompiling[22m [36mreact-native-screens[39m Pods/RNScreens » RNSBackBarButtonItem.mm
[RUN_FASTLANE] [37m›[39m [1mCompiling[22m [36mreact-native-screens[39m Pods/RNScreens » RCTSurfaceTouchHandler+RNSUtility.mm
[RUN_FASTLANE] [37m›[39m [1mCompiling[22m [36mreact-native-screens[39m Pods/RNScreens » RCTImageComponentView+RNSScreenStackHeaderConfig.mm
[RUN_FASTLANE] [37m›[39m [1mCompiling[22m [36mreact-native-screens[39m Pods/RNScreens » RCTConvert+RNSTabs.mm
[RUN_FASTLANE] [37m›[39m [1mCompiling[22m [36mreact-native-screens[39m Pods/RNScreens » NSString+RNSUtility.mm
[RUN_FASTLANE] [37m›[39m [1mCompiling[22m [36mreact-native-reanimated[39m Pods/RNReanimated » vectors.cpp
[RUN_FASTLANE] [37m›[39m [1mCompiling[22m [36mreact-native-reanimated[39m Pods/RNReanimated » translate.cpp
[RUN_FASTLANE] [37m›[39m [1mCompiling[22m [36mreact-native-reanimated[39m Pods/RNReanimated » steps.cpp
[RUN_FASTLANE] [37m›[39m [1mCompiling[22m [36mreact-native-reanimated[39m Pods/RNReanimated » skew.cpp
[RUN_FASTLANE] [37m›[39m [1mCompiling[22m [36mreact-native-reanimated[39m Pods/RNReanimated » scale.cpp
[RUN_FASTLANE] [37m›[39m [1mCompiling[22m [36mreact-native-reanimated[39m Pods/RNReanimated » rotate.cpp
[RUN_FASTLANE] [37m›[39m [1mCompiling[22m [36mreact-native-reanimated[39m Pods/RNReanimated » props.cpp
[RUN_FASTLANE] [37m›[39m [1mCompiling[22m [36mreact-native-reanimated[39m Pods/RNReanimated » platform.cpp
[RUN_FASTLANE] [37m›[39m [1mCompiling[22m [36mreact-native-screens[39m Pods/RNScreens » RNScreens-dummy.m
[RUN_FASTLANE] [37m›[39m [1mCompiling[22m [36mreact-native-reanimated[39m Pods/RNReanimated » perspective.cpp
[RUN_FASTLANE] [37m›[39m [1mCompiling[22m [36mreact-native-reanimated[39m Pods/RNReanimated » matrix.cpp
[RUN_FASTLANE] [37m›[39m [1mCompiling[22m [36mreact-native-reanimated[39m Pods/RNReanimated » linear.cpp
[RUN_FASTLANE] [37m›[39m [1mCompiling[22m [36mreact-native-reanimated[39m Pods/RNReanimated » interpolators.cpp
[RUN_FASTLANE] [37m›[39m [1mPackaging[22m [36mreact-native-screens[39m Pods/RNScreens » libRNScreens.a
[RUN_FASTLANE] [37m›[39m [1mCompiling[22m [36mreact-native-reanimated[39m Pods/RNReanimated » cubicBezier.cpp
[RUN_FASTLANE] [37m›[39m [1mCompiling[22m [36mreact-native-reanimated[39m Pods/RNReanimated » common.cpp
[RUN_FASTLANE] [37m›[39m [1mCompiling[22m [36mreact-native-reanimated[39m Pods/RNReanimated » algorithms.cpp
[RUN_FASTLANE] [37m›[39m [1mCompiling[22m [36mreact-native-reanimated[39m Pods/RNReanimated » ViewStylesRepository.cpp
[RUN_FASTLANE] [37m›[39m [1mCompiling[22m [36mreact-native-reanimated[39m Pods/RNReanimated » ValueInterpolator.cpp
[RUN_FASTLANE] [37m›[39m [1mCompiling[22m [36mreact-native-reanimated[39m Pods/RNReanimated » UpdatesRegistryManager.cpp
[RUN_FASTLANE] [37m›[39m [1mCompiling[22m [36mreact-native-reanimated[39m Pods/RNReanimated » UpdatesRegistry.cpp
[RUN_FASTLANE] [37m›[39m [1mCompiling[22m [36mreact-native-reanimated[39m Pods/RNReanimated » UIRuntimeDecorator.cpp
[RUN_FASTLANE] [37m›[39m [1mCompiling[22m [36mreact-native-reanimated[39m Pods/RNReanimated » UIEventHandlerRegistry.cpp
[RUN_FASTLANE] [37m›[39m [1mCompiling[22m [36mreact-native-reanimated[39m Pods/RNReanimated » UIEventHandler.cpp
[RUN_FASTLANE] [37m›[39m [1mCompiling[22m [36mreact-native-reanimated[39m Pods/RNReanimated » TransitionStyleInterpolator.cpp
[RUN_FASTLANE] [37m›[39m [1mCompiling[22m [36mreact-native-reanimated[39m Pods/RNReanimated » TransitionProgressProvider.cpp
[RUN_FASTLANE] [37m›[39m [1mCompiling[22m [36mreact-native-reanimated[39m Pods/RNReanimated » TransformsStyleInterpolator.cpp
[RUN_FASTLANE] [37m›[39m [1mCompiling[22m [36mreact-native-reanimated[39m Pods/RNReanimated » TransformOperationInterpolator.cpp
[RUN_FASTLANE] [37m›[39m [1mCompiling[22m [36mreact-native-reanimated[39m Pods/RNReanimated » TransformOperation.cpp
[RUN_FASTLANE] [37m›[39m [1mCompiling[22m [36mreact-native-reanimated[39m Pods/RNReanimated » TransformOp.cpp
[RUN_FASTLANE] [37m›[39m [1mCompiling[22m [36mreact-native-reanimated[39m Pods/RNReanimated » TransformMatrix3D.cpp
[RUN_FASTLANE] [37m›[39m [1mCompiling[22m [36mreact-native-reanimated[39m Pods/RNReanimated » TransformMatrix2D.cpp
[RUN_FASTLANE] [37m›[39m [1mCompiling[22m [36mreact-native-reanimated[39m Pods/RNReanimated » TransformMatrix.cpp
[RUN_FASTLANE] [37m›[39m [1mCompiling[22m [36mreact-native-reanimated[39m Pods/RNReanimated » SynchronousPropsBufferSerializer.cpp
[RUN_FASTLANE] [37m›[39m [1mCompiling[22m [36mreact-native-reanimated[39m Pods/RNReanimated » StyleOperationInterpolator.cpp
[RUN_FASTLANE] [37m›[39m [1mCompiling[22m [36mreact-native-reanimated[39m Pods/RNReanimated » StyleOperation.cpp
[RUN_FASTLANE] [37m›[39m [1mCompiling[22m [36mreact-native-reanimated[39m Pods/RNReanimated » StaticPropsRegistry.cpp
[RUN_FASTLANE] [37m›[39m [1mCompiling[22m [36mreact-native-reanimated[39m Pods/RNReanimated » SimpleValueInterpolator.cpp
[RUN_FASTLANE] [37m›[39m [1mCompiling[22m [36mreact-native-reanimated[39m Pods/RNReanimated » SharedTransitions.cpp
[RUN_FASTLANE] [37m›[39m [1mCompiling[22m [36mreact-native-reanimated[39m Pods/RNReanimated » ShadowTreeCloner.cpp
[RUN_FASTLANE] [37m›[39m [1mCompiling[22m [36mreact-native-reanimated[39m Pods/RNReanimated » SetGestureState.mm
[RUN_FASTLANE] [37m›[39m [1mCompiling[22m [36mreact-native-reanimated[39m Pods/RNReanimated » SVGStrokeDashArray.cpp
[RUN_FASTLANE] [37m›[39m [1mCompiling[22m [36mreact-native-reanimated[39m Pods/RNReanimated » SVGStops.cpp
[RUN_FASTLANE] [37m›[39m [1mCompiling[22m [36mreact-native-reanimated[39m Pods/RNReanimated » SVGPath.cpp
[RUN_FASTLANE] [37m›[39m [1mCompiling[22m [36mreact-native-reanimated[39m Pods/RNReanimated » SVGBrush.cpp
[RUN_FASTLANE] [37m›[39m [1mCompiling[22m [36mreact-native-reanimated[39m Pods/RNReanimated » ResolvableValueInterpolator.cpp
[RUN_FASTLANE] [37m›[39m [1mCompiling[22m [36mreact-native-reanimated[39m Pods/RNReanimated » RecordPropertiesInterpolator.cpp
[RUN_FASTLANE] [37m›[39m [1mCompiling[22m [36mreact-native-reanimated[39m Pods/RNReanimated » ReanimatedVersion.cpp
[RUN_FASTLANE] [37m›[39m [1mCompiling[22m [36mreact-native-reanimated[39m Pods/RNReanimated » ReanimatedMountHook.cpp
[RUN_FASTLANE] [37m›[39m [1mCompiling[22m [36mreact-native-reanimated[39m Pods/RNReanimated » ReanimatedModuleProxy.cpp
[RUN_FASTLANE] [37m›[39m [1mCompiling[22m [36mreact-native-reanimated[39m Pods/RNReanimated » ReanimatedModule.mm
[RUN_FASTLANE] [37m›[39m [1mCompiling[22m [36mreact-native-reanimated[39m Pods/RNReanimated » ReanimatedCommitHook.cpp
[RUN_FASTLANE] [37m›[39m [1mCompiling[22m [36mreact-native-reanimated[39m Pods/RNReanimated » RawProgressProvider.cpp
[RUN_FASTLANE] [37m›[39m [1mCompiling[22m [36mreact-native-reanimated[39m Pods/RNReanimated » RNRuntimeDecorator.cpp
[RUN_FASTLANE] [37m›[39m [1mCompiling[22m [36mreact-native-reanimated[39m Pods/RNReanimated » REASlowAnimations.mm
[RUN_FASTLANE] [37m›[39m [1mCompiling[22m [36mreact-native-reanimated[39m Pods/RNReanimated » REASharedTransitionBoundaryView.mm
[RUN_FASTLANE] [37m›[39m [1mCompiling[22m [36mreact-native-reanimated[39m Pods/RNReanimated » REASharedTransitionBoundaryShadowNode.cpp
[RUN_FASTLANE] [37m›[39m [1mCompiling[22m [36mreact-native-reanimated[39m Pods/RNReanimated » REAPseudoSelectorObserver.mm
[RUN_FASTLANE] [37m›[39m [1mCompiling[22m [36mreact-native-reanimated[39m Pods/RNReanimated » REAPseudoSelectorAttachQueue.mm
[RUN_FASTLANE] [37m›[39m [1mCompiling[22m [36mreact-native-reanimated[39m Pods/RNReanimated » REANodesManager.mm
[RUN_FASTLANE] [37m›[39m [1mCompiling[22m [36mreact-native-reanimated[39m Pods/RNReanimated » REAKeyboardEventObserver.mm
[RUN_FASTLANE] [37m›[39m [1mCompiling[22m [36mreact-native-reanimated[39m Pods/RNReanimated » REACSSPlatformTransitions.mm
[RUN_FASTLANE] [37m›[39m [1mCompiling[22m [36mreact-native-reanimated[39m Pods/RNReanimated » REACSSPlatformProps.mm
[RUN_FASTLANE] [37m›[39m [1mCompiling[22m [36mreact-native-reanimated[39m Pods/RNReanimated » Quaternion.cpp
[RUN_FASTLANE] [37m›[39m [1mCompiling[22m [36mreact-native-reanimated[39m Pods/RNReanimated » PseudoStylesRegistry.cpp
[RUN_FASTLANE] [37m›[39m [1mCompiling[22m [36mreact-native-reanimated[39m Pods/RNReanimated » PropsDiffer.cpp
[RUN_FASTLANE] [37m›[39m [1mCompiling[22m [36mreact-native-reanimated[39m Pods/RNReanimated » PropertyInterpolator.cpp
[RUN_FASTLANE] [37m›[39m [1mCompiling[22m [36mreact-native-reanimated[39m Pods/RNReanimated » PropValueProcessor.cpp
[RUN_FASTLANE] [37m›[39m [1mCompiling[22m [36mreact-native-reanimated[39m Pods/RNReanimated » PlatformDepMethodsHolderImpl.mm
[RUN_FASTLANE] [37m›[39m [1mCompiling[22m [36mreact-native-reanimated[39m Pods/RNReanimated » OperationsStyleInterpolator.cpp
[RUN_FASTLANE] [37m›[39m [1mCompiling[22m [36mreact-native-reanimated[39m Pods/RNReanimated » OperationsLoop.cpp
[RUN_FASTLANE] [37m›[39m [1mCompiling[22m [36mreact-native-reanimated[39m Pods/RNReanimated » NativeProxy.mm
[RUN_FASTLANE] [37m›[39m [1mCompiling[22m [36mreact-native-reanimated[39m Pods/RNReanimated » LayoutAnimationsUtils.cpp
[RUN_FASTLANE] [37m›[39m [1mCompiling[22m [36mreact-native-reanimated[39m Pods/RNReanimated » LayoutAnimationsProxy_Legacy.cpp
[RUN_FASTLANE] [37m›[39m [1mCompiling[22m [36mreact-native-reanimated[39m Pods/RNReanimated » LayoutAnimationsProxy_Experimental.cpp
[RUN_FASTLANE] [37m›[39m [1mCompiling[22m [36mreact-native-reanimated[39m Pods/RNReanimated » LayoutAnimationsProxyCommon.cpp
[RUN_FASTLANE] [37m›[39m [1mCompiling[22m [36mreact-native-reanimated[39m Pods/RNReanimated » LayoutAnimationsManager.cpp
[RUN_FASTLANE] [37m›[39m [1mCompiling[22m [36mreact-native-reanimated[39m Pods/RNReanimated » InterpolatorRegistry.cpp
[RUN_FASTLANE] [37m›[39m [1mCompiling[22m [36mreact-native-reanimated[39m Pods/RNReanimated » InterpolatorFactory.cpp
[RUN_FASTLANE] [37m›[39m [1mCompiling[22m [36mreact-native-reanimated[39m Pods/RNReanimated » GroupPropertiesInterpolator.cpp
[RUN_FASTLANE] [37m›[39m [1mCompiling[22m [36mreact-native-reanimated[39m Pods/RNReanimated » FilterStyleInterpolator.cpp
[RUN_FASTLANE] [37m›[39m [1mCompiling[22m [36mreact-native-reanimated[39m Pods/RNReanimated » FilterOperationInterpolator.cpp
[RUN_FASTLANE] [37m›[39m [1mCompiling[22m [36mreact-native-reanimated[39m Pods/RNReanimated » FilterOperation.cpp
[RUN_FASTLANE] [37m›[39m [1mCompiling[22m [36mreact-native-reanimated[39m Pods/RNReanimated » FilterOp.cpp
[RUN_FASTLANE] [37m›[39m [1mCompiling[22m [36mreact-native-reanimated[39m Pods/RNReanimated » FeatureFlags.cpp
[RUN_FASTLANE] [37m›[39m [1mCompiling[22m [36mreact-native-reanimated[39m Pods/RNReanimated » EasingFunctions.cpp
[RUN_FASTLANE] [37m›[39m [1mCompiling[22m [36mreact-native-reanimated[39m Pods/RNReanimated » EasingConfigs.cpp
[RUN_FASTLANE] [37m›[39m [1mCompiling[22m [36mreact-native-reanimated[39m Pods/RNReanimated » CSSValueVariant.cpp
[RUN_FASTLANE] [37m›[39m [1mCompiling[22m [36mreact-native-reanimated[39m Pods/RNReanimated » CSSTransitionsRegistry.cpp
[RUN_FASTLANE] [37m›[39m [1mCompiling[22m [36mreact-native-reanimated[39m Pods/RNReanimated » CSSTransitionConfig.cpp
[RUN_FASTLANE] [37m›[39m [1mCompiling[22m [36mreact-native-reanimated[39m Pods/RNReanimated » CSSTransition.cpp
[RUN_FASTLANE] [37m›[39m [1mCompiling[22m [36mreact-native-reanimated[39m Pods/RNReanimated » CSSPlatformTransitionProxy.cpp
[RUN_FASTLANE] [37m›[39m [1mCompiling[22m [36mreact-native-reanimated[39m Pods/RNReanimated » CSSNumber.cpp
[RUN_FASTLANE] [37m›[39m [1mCompiling[22m [36mreact-native-reanimated[39m Pods/RNReanimated » CSSLoopTransition.cpp
[RUN_FASTLANE] [37m›[39m [1mCompiling[22m [36mreact-native-reanimated[39m Pods/RNReanimated » CSSLoopAnimation.cpp
[RUN_FASTLANE] [37m›[39m [1mCompiling[22m [36mreact-native-reanimated[39m Pods/RNReanimated » CSSLengthVector.cpp
[RUN_FASTLANE] [37m›[39m [1mCompiling[22m [36mreact-native-reanimated[39m Pods/RNReanimated » CSSLengthArray.cpp
[RUN_FASTLANE] [37m›[39m [1mCompiling[22m [36mreact-native-reanimated[39m Pods/RNReanimated » CSSLength.cpp
[RUN_FASTLANE] [37m›[39m [1mCompiling[22m [36mreact-native-reanimated[39m Pods/RNReanimated » CSSKeyword.cpp
[RUN_FASTLANE] [37m›[39m [1mCompiling[22m [36mreact-native-reanimated[39m Pods/RNReanimated » CSSKeyframesRegistry.cpp
[RUN_FASTLANE] [37m›[39m [1mCompiling[22m [36mreact-native-reanimated[39m Pods/RNReanimated » CSSKeyframesConfig.cpp
[RUN_FASTLANE] [37m›[39m [1mCompiling[22m [36mreact-native-reanimated[39m Pods/RNReanimated » CSSDropShadow.cpp
[RUN_FASTLANE] [37m›[39m [1mCompiling[22m [36mreact-native-reanimated[39m Pods/RNReanimated » CSSDiscreteArray.cpp
[RUN_FASTLANE] [37m›[39m [1mCompiling[22m [36mreact-native-reanimated[39m Pods/RNReanimated » CSSColor.cpp
[RUN_FASTLANE] [37m›[39m [1mCompiling[22m [36mreact-native-reanimated[39m Pods/RNReanimated » CSSBoxShadow.cpp
[RUN_FASTLANE] [37m›[39m [1mCompiling[22m [36mreact-native-reanimated[39m Pods/RNReanimated » CSSBoolean.cpp
[RUN_FASTLANE] [37m›[39m [1mCompiling[22m [36mreact-native-reanimated[39m Pods/RNReanimated » CSSAnimationsRegistry.cpp
[RUN_FASTLANE] [37m›[39m [1mCompiling[22m [36mreact-native-reanimated[39m Pods/RNReanimated » CSSAnimationsGroup.cpp
[RUN_FASTLANE] [37m›[39m [1mCompiling[22m [36mreact-native-reanimated[39m Pods/RNReanimated » CSSAnimationConfig.cpp
[RUN_FASTLANE] [37m›[39m [1mCompiling[22m [36mreact-native-reanimated[39m Pods/RNReanimated » CSSAnimation.cpp
[RUN_FASTLANE] [37m›[39m [1mCompiling[22m [36mreact-native-reanimated[39m Pods/RNReanimated » CSSAngle.cpp
[RUN_FASTLANE] [37m›[39m [1mCompiling[22m [36mreact-native-reanimated[39m Pods/RNReanimated » ArrayPropertiesInterpolator.cpp
[RUN_FASTLANE] [37m›[39m [1mCompiling[22m [36mreact-native-reanimated[39m Pods/RNReanimated » AnimationStyleInterpolatorFactory.cpp
[RUN_FASTLANE] [37m›[39m [1mCompiling[22m [36mreact-native-reanimated[39m Pods/RNReanimated » AnimationStyleInterpolator.cpp
[RUN_FASTLANE] [37m›[39m [1mCompiling[22m [36mreact-native-reanimated[39m Pods/RNReanimated » AnimationProgressProvider.cpp
[RUN_FASTLANE] [37m›[39m [1mCompiling[22m [36mreact-native-reanimated[39m Pods/RNReanimated » AnimatedSensorModule.cpp
[RUN_FASTLANE] [37m›[39m [1mCompiling[22m [36mreact-native-reanimated[39m Pods/RNReanimated » AnimatedPropsRegistry.cpp
[RUN_FASTLANE] [37m›[39m [1mCompiling[22m [36mreact-native-maps[39m Pods/react-native-maps » UIView+AirMap.m
[RUN_FASTLANE] [37m›[39m [1mCompiling[22m [36mreact-native-maps[39m Pods/react-native-maps » SMCalloutView.m
[RUN_FASTLANE] [37m›[39m [1mCompiling[22m [36mreact-native-maps[39m Pods/react-native-maps » RCTComponentData+Maps.m
[RUN_FASTLANE] [37m›[39m [1mCompiling[22m [36mreact-native-maps[39m Pods/react-native-maps » AIRWeakTimerReference.m
[RUN_FASTLANE] [37m›[39m [1mCompiling[22m [36mreact-native-maps[39m Pods/react-native-maps » AIRMapCalloutSubviewManager.m
[RUN_FASTLANE] [37m›[39m [1mCompiling[22m [36mreact-native-maps[39m Pods/react-native-maps » AIRMapCalloutSubview.m
[RUN_FASTLANE] [37m›[39m [1mCompiling[22m [36mreact-native-maps[39m Pods/react-native-maps » AIRMapCallout.m
[RUN_FASTLANE] [37m›[39m [1mExecuting[22m [36mreact-native-screens[39m Pods/RNScreens » Copy generated compatibility header
[RUN_FASTLANE] [37m›[39m [1mCompiling[22m [36mreact-native-maps[39m Pods/react-native-maps » AIRMapUrlTile.m
[RUN_FASTLANE] [37m›[39m [1mCompiling[22m [36mreact-native-maps[39m Pods/react-native-maps » RCTConvert+AirMap.m
[RUN_FASTLANE] [37m›[39m [1mCompiling[22m [36mreact-native-maps[39m Pods/react-native-maps » AIRWeakMapReference.m
[RUN_FASTLANE] [37m›[39m [1mCompiling[22m [36mreact-native-maps[39m Pods/react-native-maps » AIRMapWMSTileManager.m
[RUN_FASTLANE] [37m›[39m [1mCompiling[22m [36mreact-native-maps[39m Pods/react-native-maps » AIRMapWMSTile.m
[RUN_FASTLANE] [37m›[39m [1mCompiling[22m [36mreact-native-maps[39m Pods/react-native-maps » AIRMapUrlTileManager.m
[RUN_FASTLANE] [37m›[39m [1mCompiling[22m [36mreact-native-maps[39m Pods/react-native-maps » AIRMapUrlTileCachedOverlay.m
[RUN_FASTLANE] [37m›[39m [1mCompiling[22m [36mreact-native-maps[39m Pods/react-native-maps » AIRMapPolylineRenderer.m
[RUN_FASTLANE] [37m›[39m [1mCompiling[22m [36mreact-native-maps[39m Pods/react-native-maps » AIRMapPolylineManager.m
[RUN_FASTLANE] [37m›[39m [1mCompiling[22m [36mreact-native-maps[39m Pods/react-native-maps » AIRMapPolyline.m
[RUN_FASTLANE] [37m›[39m [1mCompiling[22m [36mreact-native-maps[39m Pods/react-native-maps » AIRMapPolygonManager.m
[RUN_FASTLANE] [37m›[39m [1mCompiling[22m [36mreact-native-maps[39m Pods/react-native-maps » AIRMapPolygon.m
[RUN_FASTLANE] [37m›[39m [1mCompiling[22m [36mreact-native-maps[39m Pods/react-native-maps » AIRMapOverlayRenderer.m
[RUN_FASTLANE] [37m›[39m [1mCompiling[22m [36mreact-native-maps[39m Pods/react-native-maps » AIRMapOverlayManager.m
[RUN_FASTLANE] [37m›[39m [1mCompiling[22m [36mreact-native-maps[39m Pods/react-native-maps » AIRMapOverlay.m
[RUN_FASTLANE] [37m›[39m [1mCompiling[22m [36mreact-native-maps[39m Pods/react-native-maps » AIRMapMarkerManager.m
[RUN_FASTLANE] [37m›[39m [1mCompiling[22m [36mreact-native-maps[39m Pods/react-native-maps » AIRMapMarker.m
[RUN_FASTLANE] [37m›[39m [1mCompiling[22m [36mreact-native-maps[39m Pods/react-native-maps » AIRMapManager.m
[RUN_FASTLANE] [37m›[39m [1mCompiling[22m [36mreact-native-maps[39m Pods/react-native-maps » AIRMapLocalTileOverlay.m
[RUN_FASTLANE] [37m›[39m [1mCompiling[22m [36mreact-native-maps[39m Pods/react-native-maps » AIRMapLocalTileManager.m
[RUN_FASTLANE] [37m›[39m [1mCompiling[22m [36mreact-native-maps[39m Pods/react-native-maps » AIRMapLocalTile.m
[RUN_FASTLANE] [37m›[39m [1mCompiling[22m [36mreact-native-maps[39m Pods/react-native-maps » AIRMapCoordinate.m
[RUN_FASTLANE] [37m›[39m [1mCompiling[22m [36mreact-native-maps[39m Pods/react-native-maps » AIRMapCircleManager.m
[RUN_FASTLANE] [37m›[39m [1mCompiling[22m [36mreact-native-maps[39m Pods/react-native-maps » AIRMapCircle.m
[RUN_FASTLANE] [37m›[39m [1mCompiling[22m [36mreact-native-maps[39m Pods/react-native-maps » AIRMapCalloutManager.m
[RUN_FASTLANE] [37m›[39m [1mCompiling[22m [36mreact-native-maps[39m Pods/react-native-maps » AIRGoogleMapCalloutSubviewManager.m
[RUN_FASTLANE] [37m›[39m [1mCompiling[22m [36mreact-native-maps[39m Pods/react-native-maps » AIRGoogleMapCalloutSubview.m
[RUN_FASTLANE] [37m›[39m [1mCompiling[22m [36mreact-native-maps[39m Pods/react-native-maps » AIRGoogleMapCalloutManager.m
[RUN_FASTLANE] [37m›[39m [1mCompiling[22m [36mreact-native-maps[39m Pods/react-native-maps » AIRGoogleMapCallout.m
[RUN_FASTLANE] [37m›[39m [1mCompiling[22m [36mreact-native-maps[39m Pods/react-native-maps » AIRDummyView.m
[RUN_FASTLANE] [37m›[39m [1mExecuting[22m [36mexpo-modules-core[39m Pods/ExpoModulesCore » [CP-User] [Expo] Resolve ExpoModulesCore dSYM source maps
[RUN_FASTLANE] [37m›[39m [1mCompiling[22m [36mreact-native-gesture-handler[39m Pods/RNGestureHandler » RNNativeViewHandler.mm
[RUN_FASTLANE] [37m›[39m [1mCompiling[22m [36mreact-native-gesture-handler[39m Pods/RNGestureHandler » RNGestureHandlerRootViewComponentView.mm
[RUN_FASTLANE] [37m›[39m [1mCompiling[22m [36mreact-native-gesture-handler[39m Pods/RNGestureHandler » RNGestureHandlerModule.mm
[RUN_FASTLANE] [37m›[39m [1mCompiling[22m [36mreact-native-maps[39m Pods/react-native-maps » AIRGoogleMapWMSTileManager.m
[RUN_FASTLANE] [37m›[39m [1mCompiling[22m [36mreact-native-maps[39m Pods/react-native-maps » AIRGoogleMapWMSTile.m
[RUN_FASTLANE] [37m›[39m [1mCompiling[22m [36mreact-native-maps[39m Pods/react-native-maps » AIRGoogleMapUrlTile.m
[RUN_FASTLANE] [37m›[39m [1mCompiling[22m [36mreact-native-maps[39m Pods/react-native-maps » RCTConvert+GMSMapViewType.m
[RUN_FASTLANE] [37m›[39m [1mCompiling[22m [36mreact-native-maps[39m Pods/react-native-maps » AIRGoogleMapURLTileManager.m
[RUN_FASTLANE] [37m›[39m [1mCompiling[22m [36mreact-native-maps[39m Pods/react-native-maps » AIRGoogleMapPolylineManager.m
[RUN_FASTLANE] [37m›[39m [1mCompiling[22m [36mreact-native-maps[39m Pods/react-native-maps » AIRGoogleMapPolyline.m
[RUN_FASTLANE] [37m›[39m [1mCompiling[22m [36mreact-native-maps[39m Pods/react-native-maps » AIRGoogleMapPolygonManager.m
[RUN_FASTLANE] [37m›[39m [1mCompiling[22m [36mreact-native-maps[39m Pods/react-native-maps » AIRGoogleMapPolygon.m
[RUN_FASTLANE] [37m›[39m [1mCompiling[22m [36mreact-native-maps[39m Pods/react-native-maps » AIRGoogleMapOverlayManager.m
[RUN_FASTLANE] [37m›[39m [1mCompiling[22m [36mreact-native-maps[39m Pods/react-native-maps » AIRGoogleMapOverlay.m
[RUN_FASTLANE] [37m›[39m [1mCompiling[22m [36mreact-native-maps[39m Pods/react-native-maps » AIRGoogleMapMarkerManager.m
[RUN_FASTLANE] [37m›[39m [1mCompiling[22m [36mreact-native-maps[39m Pods/react-native-maps » AIRGoogleMapMarker.m
[RUN_FASTLANE] [37m›[39m [1mCompiling[22m [36mreact-native-maps[39m Pods/react-native-maps » AIRGoogleMapHeatmapManager.m
[RUN_FASTLANE] [37m›[39m [1mCompiling[22m [36mreact-native-maps[39m Pods/react-native-maps » AIRGoogleMapHeatmap.m
[RUN_FASTLANE] [37m›[39m [1mCompiling[22m [36mreact-native-maps[39m Pods/react-native-maps » AIRGoogleMapCoordinate.m
[RUN_FASTLANE] [37m›[39m [1mCompiling[22m [36mreact-native-maps[39m Pods/react-native-maps » AIRGoogleMapCircleManager.m
[RUN_FASTLANE] [37m›[39m [1mCompiling[22m [36mreact-native-maps[39m Pods/react-native-maps » AIRGoogleMapCircle.m
[RUN_FASTLANE] [37m›[39m [1mCompiling[22m [36mreact-native-maps[39m Pods/react-native-maps » AIRGMSPolyline.m
[RUN_FASTLANE] [37m›[39m [1mCompiling[22m [36mreact-native-maps[39m Pods/react-native-maps » AIRGMSPolygon.m
[RUN_FASTLANE] [37m›[39m [1mCompiling[22m [36mreact-native-maps[39m Pods/react-native-maps » AIRGMSMarker.m
[RUN_FASTLANE] [37m›[39m [1mCompiling[22m [36mreact-native-gesture-handler[39m Pods/RNGestureHandler » RNGestureHandlerManager.mm
[RUN_FASTLANE] [37m›[39m [1mCompiling[22m [36mreact-native-gesture-handler[39m Pods/RNGestureHandler » RNGestureHandlerButtonManager.mm
[RUN_FASTLANE] [37m›[39m [1mCompiling[22m [36mreact-native-gesture-handler[39m Pods/RNGestureHandler » RNGestureHandlerButtonComponentView.mm
[RUN_FASTLANE] [37m›[39m [1mCompiling[22m [36mreact-native-gesture-handler[39m Pods/RNGestureHandler » RNGestureHandlerButton.mm
[RUN_FASTLANE] [37m›[39m [1mCompiling[22m [36mreact-native-gesture-handler[39m Pods/RNGestureHandler » RNGestureHandler.mm
[RUN_FASTLANE] [37m›[39m [1mPackaging[22m [36m@triplot/mobile[39m Pods/react-native-maps » libreact-native-maps.a
[RUN_FASTLANE] [37m›[39m [1mCompiling[22m [36mreact-native-reanimated[39m Pods/RNReanimated » RNReanimated-dummy.m
[RUN_FASTLANE] [37m›[39m [1mCompiling[22m [36mreact-native-reanimated[39m Pods/RNReanimated » ReanimatedSensorContainer.m
[RUN_FASTLANE] [37m›[39m [1mCompiling[22m [36mreact-native-reanimated[39m Pods/RNReanimated » ReanimatedSensor.m
[RUN_FASTLANE] [37m›[39m [1mCompiling[22m [36mreact-native-reanimated[39m Pods/RNReanimated » RCTUIView+Reanimated.m
[RUN_FASTLANE] [37m›[39m [1mCompiling[22m [36mreact-native-gesture-handler[39m Pods/RNGestureHandler » RNTapHandler.m
[RUN_FASTLANE] [37m›[39m [1mCompiling[22m [36mreact-native-gesture-handler[39m Pods/RNGestureHandler » RNRotationHandler.m
[RUN_FASTLANE] [37m›[39m [1mCompiling[22m [36mreact-native-gesture-handler[39m Pods/RNGestureHandler » RNRootViewGestureRecognizer.m
[RUN_FASTLANE] [37m›[39m [1mCompiling[22m [36mreact-native-gesture-handler[39m Pods/RNGestureHandler » RNPinchHandler.m
[RUN_FASTLANE] [37m›[39m [1mCompiling[22m [36mreact-native-gesture-handler[39m Pods/RNGestureHandler » RNPanHandler.m
[RUN_FASTLANE] [37m›[39m [1mCompiling[22m [36mreact-native-gesture-handler[39m Pods/RNGestureHandler » RNManualHandler.m
[RUN_FASTLANE] [37m›[39m [1mCompiling[22m [36mreact-native-gesture-handler[39m Pods/RNGestureHandler » RNManualActivationRecognizer.m
[RUN_FASTLANE] [37m›[39m [1mCompiling[22m [36mreact-native-gesture-handler[39m Pods/RNGestureHandler » RNLongPressHandler.m
[RUN_FASTLANE] [37m›[39m [1mCompiling[22m [36mreact-native-gesture-handler[39m Pods/RNGestureHandler » RNHoverHandler.m
[RUN_FASTLANE] [37m›[39m [1mCompiling[22m [36mreact-native-gesture-handler[39m Pods/RNGestureHandler » RNGestureHandlerRegistry.m
[RUN_FASTLANE] [37m›[39m [1mCompiling[22m [36mreact-native-gesture-handler[39m Pods/RNGestureHandler » RNGestureHandlerPointerTracker.m
[RUN_FASTLANE] [37m›[39m [1mCompiling[22m [36mreact-native-gesture-handler[39m Pods/RNGestureHandler » RNGestureHandlerEvents.m
[RUN_FASTLANE] [37m›[39m [1mCompiling[22m [36mreact-native-gesture-handler[39m Pods/RNGestureHandler » RNGHVector.m
[RUN_FASTLANE] [37m›[39m [1mCompiling[22m [36mreact-native-gesture-handler[39m Pods/RNGestureHandler » RNForceTouchHandler.m
[RUN_FASTLANE] [37m›[39m [1mPackaging[22m [36mreact-native-reanimated[39m Pods/RNReanimated » libRNReanimated.a
[RUN_FASTLANE] [37m›[39m [1mCompiling[22m [36mreact-native-gesture-handler[39m Pods/RNGestureHandler » RNFlingHandler.m
[RUN_FASTLANE] [37m›[39m [1mCompiling[22m [36m@react-native-google-signin/google-signin[39m Pods/RNGoogleSignin » RNGoogleSigninButtonManager.mm
[RUN_FASTLANE] [37m›[39m [1mCompiling[22m [36m@react-native-google-signin/google-signin[39m Pods/RNGoogleSignin » RNGoogleSignin.mm
[RUN_FASTLANE] [37m›[39m [1mCompiling[22m [36m@react-native-google-signin/google-signin[39m Pods/RNGoogleSignin » RNGoogleSignInButtonComponentView.mm
[RUN_FASTLANE] [37m›[39m [1mCompiling[22m [36m@react-native-google-signin/google-signin[39m Pods/RNGoogleSignin » RNGoogleSignInButton.mm
[RUN_FASTLANE] [37m›[39m [1mCompiling[22m [36m@react-native-google-signin/google-signin[39m Pods/RNGoogleSignin » RCTConvert+RNGoogleSignin.mm
[RUN_FASTLANE] [37m›[39m [1mCompiling[22m [36mreact-native-gesture-handler[39m Pods/RNGestureHandler » RNGestureHandler-dummy.m
[RUN_FASTLANE] [37m›[39m [1mCompiling[22m [36m@react-native-community/datetimepicker[39m Pods/RNDateTimePicker » ShadowNodes.cpp
[RUN_FASTLANE] [37m›[39m [1mCompiling[22m [36m@react-native-community/datetimepicker[39m Pods/RNDateTimePicker » RNDateTimePickerState.cpp
[RUN_FASTLANE] [37m›[39m [1mCompiling[22m [36m@react-native-community/datetimepicker[39m Pods/RNDateTimePicker » RNDateTimePickerComponentView.mm
[RUN_FASTLANE] [37m›[39m [1mCompiling[22m [36m@react-native-google-signin/google-signin[39m Pods/RNGoogleSignin » RNGoogleSignin-dummy.m
[RUN_FASTLANE] [37m›[39m [1mCompiling[22m [36m@react-native-community/datetimepicker[39m Pods/RNDateTimePicker » RNDateTimePickerShadowView.m
[RUN_FASTLANE] [37m›[39m [1mCompiling[22m [36m@react-native-community/datetimepicker[39m Pods/RNDateTimePicker » RNDateTimePickerManager.m
[RUN_FASTLANE] [37m›[39m [1mCompiling[22m [36m@react-native-community/datetimepicker[39m Pods/RNDateTimePicker » RNDateTimePicker.m
[RUN_FASTLANE] [37m›[39m [1mPackaging[22m [36mreact-native-gesture-handler[39m Pods/RNGestureHandler » libRNGestureHandler.a
[RUN_FASTLANE] [37m›[39m [1mExecuting[22m [36mexpo-modules-core[39m Pods/ExpoModulesCore » [CP-User] [Expo] Switch ExpoModulesCore XCFramework for build configuration
[RUN_FASTLANE] [37m›[39m [1mCompiling[22m [36m@react-native-async-storage/async-storage[39m Pods/RNCAsyncStorage » RNCAsyncStorage.mm
[RUN_FASTLANE] [37m›[39m [1mCompiling[22m [36m@react-native-community/datetimepicker[39m Pods/RNDateTimePicker » RNDateTimePicker-dummy.m
[RUN_FASTLANE] [37m›[39m [1mExecuting[22m [36mexpo-modules-core[39m Pods/ExpoModulesCore » [CP] Copy XCFrameworks
[RUN_FASTLANE] [37m›[39m [1mCompiling[22m [36m@react-native-masked-view/masked-view[39m Pods/RNCMaskedView » RNCMaskedViewManager.m
[RUN_FASTLANE] [37m›[39m [1mCompiling[22m [36m@react-native-masked-view/masked-view[39m Pods/RNCMaskedView » RNCMaskedView.m
[RUN_FASTLANE] [37m›[39m [1mCompiling[22m [36m@react-native-masked-view/masked-view[39m Pods/RNCMaskedView » RNCMaskedView-dummy.m
[RUN_FASTLANE] [37m›[39m [1mPackaging[22m [36m@react-native-masked-view/masked-view[39m Pods/RNCMaskedView » libRNCMaskedView.a
[RUN_FASTLANE] [37m›[39m [1mCompiling[22m [36m@react-native-async-storage/async-storage[39m Pods/RNCAsyncStorage » RNCAsyncStorage-dummy.m
[RUN_FASTLANE] [37m›[39m [1mExecuting[22m [36mexpo-modules-core[39m Pods/ExpoModulesWorklets » [CP-User] [Expo] Resolve ExpoModulesWorklets dSYM source maps
[RUN_FASTLANE] [37m›[39m [1mExecuting[22m [36mexpo-location[39m Pods/ExpoLocation » [CP-User] [Expo] Resolve ExpoLocation dSYM source maps
[RUN_FASTLANE] [37m›[39m [1mExecuting[22m [36mexpo-image-manipulator[39m Pods/ExpoImageManipulator » [CP-User] [Expo] Resolve ExpoImageManipulator dSYM source maps
[RUN_FASTLANE] [37m›[39m [1mExecuting[22m [36mexpo-font[39m Pods/ExpoFont » [CP-User] [Expo] Resolve ExpoFont dSYM source maps
[RUN_FASTLANE] [37m›[39m [1mExecuting[22m [36mexpo-file-system[39m Pods/ExpoFileSystem » [CP-User] [Expo] Resolve ExpoFileSystem dSYM source maps
[RUN_FASTLANE] [37m›[39m [1mExecuting[22m [36mexpo-modules-core[39m Pods/ExpoModulesWorklets » [CP-User] [Expo] Switch ExpoModulesWorklets XCFramework for build configuration
[RUN_FASTLANE] [37m›[39m [1mPackaging[22m [36m@react-native-async-storage/async-storage[39m Pods/RNCAsyncStorage » libRNCAsyncStorage.a
[RUN_FASTLANE] [37m›[39m [1mExecuting[22m [36mexpo-location[39m Pods/ExpoLocation » [CP-User] [Expo] Switch ExpoLocation XCFramework for build configuration
[RUN_FASTLANE] [37m›[39m [1mCompiling[22m [36m@react-native-google-signin/google-signin[39m Pods/GoogleSignIn » GoogleSignIn-dummy.m
[RUN_FASTLANE] [37m›[39m [1mCompiling[22m [36m@react-native-google-signin/google-signin[39m Pods/GoogleSignIn » GIDToken.m
[RUN_FASTLANE] [37m›[39m [1mCompiling[22m [36m@react-native-google-signin/google-signin[39m Pods/GoogleSignIn » GIDSignInStrings.m
[RUN_FASTLANE] [37m›[39m [1mCompiling[22m [36m@react-native-google-signin/google-signin[39m Pods/GoogleSignIn » GIDSignInPreferences.m
[RUN_FASTLANE] [37m›[39m [1mCompiling[22m [36m@react-native-google-signin/google-signin[39m Pods/GoogleSignIn » GIDSignInCallbackSchemes.m
[RUN_FASTLANE] [37m›[39m [1mCompiling[22m [36m@react-native-google-signin/google-signin[39m Pods/GoogleSignIn » GIDScopes.m
[RUN_FASTLANE] [37m›[39m [1mCompiling[22m [36m@react-native-google-signin/google-signin[39m Pods/GoogleSignIn » GIDProfileData.m
[RUN_FASTLANE] [37m›[39m [1mCompiling[22m [36m@react-native-google-signin/google-signin[39m Pods/GoogleSignIn » GIDMDMPasscodeState.m
[RUN_FASTLANE] [37m›[39m [1mCompiling[22m [36m@react-native-google-signin/google-signin[39m Pods/GoogleSignIn » GIDFakeAuthStateMigration.m
[RUN_FASTLANE] [37m›[39m [1mCompiling[22m [36m@react-native-google-signin/google-signin[39m Pods/GoogleSignIn » GIDConfiguration.m
[RUN_FASTLANE] [37m›[39m [1mCompiling[22m [36m@react-native-google-signin/google-signin[39m Pods/GoogleSignIn » GIDClaim.m
[RUN_FASTLANE] [37m›[39m [1mCompiling[22m [36m@react-native-google-signin/google-signin[39m Pods/GoogleSignIn » GIDCallbackQueue.m
[RUN_FASTLANE] [37m›[39m [1mCompiling[22m [36m@react-native-google-signin/google-signin[39m Pods/GoogleSignIn » GIDAppCheckProviderFake.m
[RUN_FASTLANE] [37m›[39m [1mExecuting[22m [36mexpo-image-manipulator[39m Pods/ExpoImageManipulator » [CP-User] [Expo] Switch ExpoImageManipulator XCFramework for build configuration
[RUN_FASTLANE] [37m›[39m [1mExecuting[22m [36mexpo-font[39m Pods/ExpoFont » [CP-User] [Expo] Switch ExpoFont XCFramework for build configuration
[RUN_FASTLANE] [37m›[39m [1mPackaging[22m [36m@react-native-community/datetimepicker[39m Pods/RNDateTimePicker » libRNDateTimePicker.a
[RUN_FASTLANE] [37m›[39m [1mExecuting[22m [36mexpo-modules-core[39m Pods/ExpoModulesWorklets » [CP] Copy XCFrameworks
[RUN_FASTLANE] [37m›[39m [1mExecuting[22m [36mexpo-file-system[39m Pods/ExpoFileSystem » [CP-User] [Expo] Switch ExpoFileSystem XCFramework for build configuration
[RUN_FASTLANE] [37m›[39m [1mCompiling[22m [36m@react-native-google-signin/google-signin[39m Pods/GoogleSignIn » NSBundle+GID3PAdditions.m
[RUN_FASTLANE] [37m›[39m [1mCompiling[22m [36m@react-native-google-signin/google-signin[39m Pods/GoogleSignIn » GIDTimedLoader.m
[RUN_FASTLANE] [37m›[39m [1mCompiling[22m [36m@react-native-google-signin/google-signin[39m Pods/GoogleSignIn » GIDSignInResult.m
[RUN_FASTLANE] [37m›[39m [1mCompiling[22m [36m@react-native-google-signin/google-signin[39m Pods/GoogleSignIn » GIDSignInInternalOptions.m
[RUN_FASTLANE] [37m›[39m [1mCompiling[22m [36m@react-native-google-signin/google-signin[39m Pods/GoogleSignIn » GIDSignInButton.m
[RUN_FASTLANE] [37m›[39m [1mCompiling[22m [36m@react-native-google-signin/google-signin[39m Pods/GoogleSignIn » GIDMDMPasscodeCache.m
[RUN_FASTLANE] [37m›[39m [1mCompiling[22m [36m@react-native-google-signin/google-signin[39m Pods/GoogleSignIn » GIDFakeJSONSerializerImpl.m
[RUN_FASTLANE] [37m›[39m [1mCompiling[22m [36m@react-native-google-signin/google-signin[39m Pods/GoogleSignIn » GIDEMMErrorHandler.m
[RUN_FASTLANE] [37m›[39m [1mCompiling[22m [36m@react-native-google-signin/google-signin[39m Pods/GoogleSignIn » GIDClaimsInternalOptions.m
[RUN_FASTLANE] [37m›[39m [1mCompiling[22m [36m@react-native-google-signin/google-signin[39m Pods/GoogleSignIn » GIDAuthentication.m
[RUN_FASTLANE] [37m›[39m [1mCompiling[22m [36m@react-native-google-signin/google-signin[39m Pods/GoogleSignIn » GIDAppCheck.m
[RUN_FASTLANE] [37m›[39m [1mCompiling[22m [36m@react-native-google-signin/google-signin[39m Pods/GoogleSignIn » GIDActivityIndicatorViewController.m
[RUN_FASTLANE] [37m›[39m [1mExecuting[22m [36mexpo-location[39m Pods/ExpoLocation » [CP] Copy XCFrameworks
[RUN_FASTLANE] [37m›[39m [1mExecuting[22m [36mexpo-image-manipulator[39m Pods/ExpoImageManipulator » [CP] Copy XCFrameworks
[RUN_FASTLANE] [37m›[39m [1mCompiling[22m [36m@react-native-google-signin/google-signin[39m Pods/GoogleSignIn » GIDSignIn.m
[RUN_FASTLANE] [37m›[39m [1mCompiling[22m [36m@react-native-google-signin/google-signin[39m Pods/GoogleSignIn » GIDGoogleUser.m
[RUN_FASTLANE] [37m›[39m [1mCompiling[22m [36m@react-native-google-signin/google-signin[39m Pods/GoogleSignIn » GIDEMMSupport.m
[RUN_FASTLANE] [37m›[39m [1mCompiling[22m [36m@react-native-google-signin/google-signin[39m Pods/GoogleSignIn » GIDAuthStateMigration.m
[RUN_FASTLANE] [37m›[39m [1mExecuting[22m [36mexpo-font[39m Pods/ExpoFont » [CP] Copy XCFrameworks
[RUN_FASTLANE] [37m›[39m [1mExecuting[22m [36mexpo-file-system[39m Pods/ExpoFileSystem » [CP] Copy XCFrameworks
[RUN_FASTLANE] [37m›[39m [1mPackaging[22m [36m@react-native-google-signin/google-signin[39m Pods/GoogleSignIn » libGoogleSignIn.a
[RUN_FASTLANE] [37m›[39m [1mPackaging[22m [36m@react-native-google-signin/google-signin[39m Pods/RNGoogleSignin » libRNGoogleSignin.a
[RUN_FASTLANE] [37m›[39m [1mCompiling[22m [36mexpo-modules-core[39m Pods/ExpoModulesWorkletsAdapter » ExpoWorkletsBridgeProvider.mm
[RUN_FASTLANE] [37m›[39m [1mCompiling[22m [36mexpo-system-ui[39m Pods/ExpoSystemUI » ExpoSystemUI-dummy.m
[RUN_FASTLANE] [37m›[39m [1mPackaging[22m [36mexpo-system-ui[39m Pods/ExpoSystemUI » libExpoSystemUI.a
[RUN_FASTLANE] [37m›[39m [1mExecuting[22m [36mexpo-system-ui[39m Pods/ExpoSystemUI » Copy generated compatibility header
[RUN_FASTLANE] [37m›[39m [1mCompiling[22m [36mexpo-keep-awake[39m Pods/ExpoKeepAwake » ExpoKeepAwake-dummy.m
[RUN_FASTLANE] [37m›[39m [1mPackaging[22m [36mexpo-keep-awake[39m Pods/ExpoKeepAwake » libExpoKeepAwake.a
[RUN_FASTLANE] [37m›[39m [1mCompiling[22m [36mexpo-modules-core[39m Pods/ExpoModulesWorkletsAdapter » ExpoModulesWorkletsAdapter-dummy.m
[RUN_FASTLANE] [37m›[39m [1mExecuting[22m [36mexpo-keep-awake[39m Pods/ExpoKeepAwake » Copy generated compatibility header
[RUN_FASTLANE] [37m›[39m [1mCompiling[22m [36mexpo-symbols[39m Pods/ExpoSymbols » ExpoSymbols-dummy.m
[RUN_FASTLANE] [37m›[39m [1mPackaging[22m [36mexpo-symbols[39m Pods/ExpoSymbols » libExpoSymbols.a
[RUN_FASTLANE] [37m›[39m [1mExecuting[22m [36mexpo-symbols[39m Pods/ExpoSymbols » Copy generated compatibility header
[RUN_FASTLANE] [37m›[39m [1mCompiling[22m [36mexpo-linking[39m Pods/ExpoLinking » ExpoLinking-dummy.m
[RUN_FASTLANE] [37m›[39m [1mPackaging[22m [36mexpo-linking[39m Pods/ExpoLinking » libExpoLinking.a
[RUN_FASTLANE] [37m›[39m [1mCompiling[22m [36mexpo-haptics[39m Pods/ExpoHaptics » ExpoHaptics-dummy.m
[RUN_FASTLANE] [37m›[39m [1mPackaging[22m [36mexpo-haptics[39m Pods/ExpoHaptics » libExpoHaptics.a
[RUN_FASTLANE] [37m›[39m [1mExecuting[22m [36mexpo-linking[39m Pods/ExpoLinking » Copy generated compatibility header
[RUN_FASTLANE] [37m›[39m [1mExecuting[22m [36mexpo-haptics[39m Pods/ExpoHaptics » Copy generated compatibility header
[RUN_FASTLANE] [37m›[39m [1mPackaging[22m [36mexpo-modules-core[39m Pods/ExpoModulesWorkletsAdapter » libExpoModulesWorkletsAdapter.a
[RUN_FASTLANE] [37m›[39m [1mCompiling[22m [36mexpo-splash-screen[39m Pods/ExpoSplashScreen » ExpoSplashScreen-dummy.m
[RUN_FASTLANE] [37m›[39m [1mPackaging[22m [36mexpo-splash-screen[39m Pods/ExpoSplashScreen » libExpoSplashScreen.a
[RUN_FASTLANE] [37m›[39m [1mExecuting[22m [36mexpo-splash-screen[39m Pods/ExpoSplashScreen » Copy generated compatibility header
[RUN_FASTLANE] [37m›[39m [1mCompiling[22m [36mexpo-localization[39m Pods/ExpoLocalization » ExpoLocalization-dummy.m
[RUN_FASTLANE] [37m›[39m [1mPackaging[22m [36mexpo-localization[39m Pods/ExpoLocalization » libExpoLocalization.a
[RUN_FASTLANE] [37m›[39m [1mExecuting[22m [36mexpo-localization[39m Pods/ExpoLocalization » Copy generated compatibility header
[RUN_FASTLANE] [37m›[39m [1mCompiling[22m [36mexpo-glass-effect[39m Pods/ExpoGlassEffect » ExpoGlassEffect-dummy.m
[RUN_FASTLANE] [37m›[39m [1mPackaging[22m [36mexpo-glass-effect[39m Pods/ExpoGlassEffect » libExpoGlassEffect.a
[RUN_FASTLANE] [37m›[39m [1mExecuting[22m [36mexpo-glass-effect[39m Pods/ExpoGlassEffect » Copy generated compatibility header
[RUN_FASTLANE] [37m›[39m [1mExecuting[22m [36mexpo-constants[39m Pods/EXConstants » [CP-User] Generate app.config for prebuilt Constants.manifest
[RUN_FASTLANE] [37m›[39m [1mCompiling[22m [36m@expo/dom-webview[39m Pods/ExpoDomWebView » ExpoDomWebView-dummy.m
[RUN_FASTLANE] [37m›[39m [1mPackaging[22m [36m@expo/dom-webview[39m Pods/ExpoDomWebView » libExpoDomWebView.a
[RUN_FASTLANE] [37m›[39m [1mCompiling[22m [36mexpo-asset[39m Pods/ExpoAsset » ExpoAsset-dummy.m
[RUN_FASTLANE] [37m›[39m [1mPackaging[22m [36mexpo-asset[39m Pods/ExpoAsset » libExpoAsset.a
[RUN_FASTLANE] [37m›[39m [1mExecuting[22m [36m@expo/dom-webview[39m Pods/ExpoDomWebView » Copy generated compatibility header
[RUN_FASTLANE] [37m›[39m [1mExecuting[22m [36mexpo-asset[39m Pods/ExpoAsset » Copy generated compatibility header
[RUN_FASTLANE] [37m›[39m [1mCompiling[22m [36mexpo-clipboard[39m Pods/ExpoClipboard » ExpoClipboard-dummy.m
[RUN_FASTLANE] [37m›[39m [1mCompiling[22m [36m@react-native-google-signin/google-signin[39m Pods/ExpoAdapterGoogleSignIn » ExpoAdapterGoogleSignIn-dummy.m
[RUN_FASTLANE] [37m›[39m [1mPackaging[22m [36mexpo-clipboard[39m Pods/ExpoClipboard » libExpoClipboard.a
[RUN_FASTLANE] [37m›[39m [1mCompiling[22m [36mexpo-updates-interface[39m Pods/EXUpdatesInterface » noop-file.m
[RUN_FASTLANE] [37m›[39m [1mCompiling[22m [36mexpo-updates-interface[39m Pods/EXUpdatesInterface » EXUpdatesInterface-dummy.m
[RUN_FASTLANE] [37m›[39m [1mPackaging[22m [36m@react-native-google-signin/google-signin[39m Pods/ExpoAdapterGoogleSignIn » libExpoAdapterGoogleSignIn.a
[RUN_FASTLANE] [37m›[39m [1mExecuting[22m Copy generated compatibility header
[RUN_FASTLANE] [37m›[39m [1mExecuting[22m [36m@react-native-google-signin/google-signin[39m Pods/ExpoAdapterGoogleSignIn » Copy generated compatibility header
[RUN_FASTLANE] [37m›[39m [1mPackaging[22m [36mexpo-updates-interface[39m Pods/EXUpdatesInterface » libEXUpdatesInterface.a
[RUN_FASTLANE] [37m›[39m [1mCompiling[22m [36mexpo-image-picker[39m Pods/ExpoImagePicker » ExpoImagePicker-dummy.m
[RUN_FASTLANE] [37m›[39m [1mPackaging[22m [36mexpo-image-picker[39m Pods/ExpoImagePicker » libExpoImagePicker.a
[RUN_FASTLANE] [37m›[39m [1mCompiling[22m [36mexpo-apple-authentication[39m Pods/ExpoAppleAuthentication » ExpoAppleAuthentication-dummy.m
[RUN_FASTLANE] [37m›[39m [1mExecuting[22m [36mexpo-image-picker[39m Pods/ExpoImagePicker » Copy generated compatibility header
[RUN_FASTLANE] [37m›[39m [1mPackaging[22m [36mexpo-apple-authentication[39m Pods/ExpoAppleAuthentication » libExpoAppleAuthentication.a
[RUN_FASTLANE] [37m›[39m [1mExecuting[22m [36mexpo-apple-authentication[39m Pods/ExpoAppleAuthentication » Copy generated compatibility header
[RUN_FASTLANE] [37m›[39m [1mExecuting[22m [36mexpo-updates-interface[39m Pods/EXUpdatesInterface » Copy generated compatibility header
[RUN_FASTLANE] [37m›[39m [1mCompiling[22m [36mexpo-manifests[39m Pods/EXManifests » EXManifests-dummy.m
[RUN_FASTLANE] [37m›[39m [1mPackaging[22m [36mexpo-manifests[39m Pods/EXManifests » libEXManifests.a
[RUN_FASTLANE] [37m›[39m [1mExecuting[22m [36mexpo-manifests[39m Pods/EXManifests » Copy generated compatibility header
[RUN_FASTLANE] [37m›[39m [1mCompiling[22m [36mexpo-application[39m Pods/EXApplication » EXProvisioningProfile.m
[RUN_FASTLANE] [37m›[39m [1mPackaging[22m [36mexpo-application[39m Pods/EXApplication » libEXApplication.a
[RUN_FASTLANE] [37m›[39m [1mCompiling[22m [36mexpo-crypto[39m Pods/ExpoCrypto » ExpoCrypto-dummy.m
[RUN_FASTLANE] [37m›[39m [1mExecuting[22m [36mexpo-application[39m Pods/EXApplication » Copy generated compatibility header
[RUN_FASTLANE] [37m›[39m [1mPackaging[22m [36mexpo-crypto[39m Pods/ExpoCrypto » libExpoCrypto.a
[RUN_FASTLANE] [37m›[39m [1mExecuting[22m [36mexpo-crypto[39m Pods/ExpoCrypto » Copy generated compatibility header
[RUN_FASTLANE] [37m›[39m [1mCompiling[22m [36mexpo-constants[39m Pods/EXConstants » EXConstants-dummy.m
[RUN_FASTLANE] [37m›[39m [1mCompiling[22m [36mexpo-constants[39m Pods/EXConstants » EXConstantsInstallationIdProvider.m
[RUN_FASTLANE] [37m›[39m [1mCompiling[22m [36mexpo-router[39m Pods/ExpoRouter » ExpoRouter-dummy.m
[RUN_FASTLANE] [37m›[39m [1mPackaging[22m [36mexpo-router[39m Pods/ExpoRouter » libExpoRouter.a
[RUN_FASTLANE] [37m›[39m [1mExecuting[22m [36mexpo-router[39m Pods/ExpoRouter » Copy generated compatibility header
[RUN_FASTLANE] [37m›[39m [1mCompiling[22m [36mexpo-constants[39m Pods/EXConstants » EXConstantsService.m
[RUN_FASTLANE] [37m›[39m [1mPackaging[22m [36mexpo-constants[39m Pods/EXConstants » libEXConstants.a
[RUN_FASTLANE] [37m›[39m [1mExecuting[22m [36mexpo-constants[39m Pods/EXConstants » Copy generated compatibility header
[RUN_FASTLANE] [37m›[39m [1mCompiling[22m [36mexpo[39m Pods/Expo » ExpoReactNativeFactory.mm
[RUN_FASTLANE] [37m›[39m [1mCompiling[22m [36mexpo[39m Pods/Expo » Expo-dummy.m
[RUN_FASTLANE] [37m›[39m [1mCompiling[22m [36mexpo[39m Pods/Expo » EXAppDefinesLoader.m
[RUN_FASTLANE] [37m›[39m [1mCompiling[22m [36mexpo[39m Pods/Expo » EXAppDelegatesLoader.m
[RUN_FASTLANE] [37m›[39m [1mCompiling[22m [36mexpo[39m Pods/Expo » EXLegacyAppDelegateWrapper.m
[RUN_FASTLANE] [37m›[39m [1mPackaging[22m [36mexpo[39m Pods/Expo » libExpo.a
[RUN_FASTLANE] [37m›[39m [1mExecuting[22m [36mexpo[39m Pods/Expo » Copy generated compatibility header
[RUN_FASTLANE] [37m›[39m [1mCompiling[22m [36m@expo/ui[39m Pods/ExpoUI » ExpoUITouchHandlerHelper.mm
[RUN_FASTLANE] [37m›[39m [1mCompiling[22m [36m@expo/ui[39m Pods/ExpoUI » ExpoUI-dummy.m
[RUN_FASTLANE] [37m›[39m [1mPackaging[22m [36m@expo/ui[39m Pods/ExpoUI » libExpoUI.a
[RUN_FASTLANE] [37m›[39m [1mExecuting[22m [36m@expo/ui[39m Pods/ExpoUI » Copy generated compatibility header
[RUN_FASTLANE] [37m›[39m [1mCompiling[22m [36mexpo-dev-menu[39m Pods/expo-dev-menu » RCTKeyCommands.m
[RUN_FASTLANE] [37m›[39m [1mCompiling[22m [36mexpo-dev-menu[39m Pods/expo-dev-menu » expo-dev-menu-dummy.m
[RUN_FASTLANE] [37m›[39m [1mCompiling[22m [36mexpo-dev-menu[39m Pods/expo-dev-menu » EXDevMenuAppInfo.m
[RUN_FASTLANE] [37m›[39m [1mPackaging[22m [36mexpo-dev-menu[39m Pods/expo-dev-menu » libexpo-dev-menu.a
[RUN_FASTLANE] [37m›[39m [1mExecuting[22m [36mexpo-dev-menu[39m Pods/expo-dev-menu » Copy generated compatibility header
[RUN_FASTLANE] [37m›[39m [1mCompiling[22m [36mexpo-dev-launcher[39m Pods/expo-dev-launcher » RCTPackagerConnection+EXDevLauncherPackagerConnectionInterceptor.m
[RUN_FASTLANE] [37m›[39m [1mCompiling[22m [36mexpo-dev-launcher[39m Pods/expo-dev-launcher » EXDevLauncherEarlySetup.m
[RUN_FASTLANE] [37m›[39m [1mCompiling[22m [36mexpo-dev-launcher[39m Pods/expo-dev-launcher » EXDevLauncherRCTDevSettings.m
[RUN_FASTLANE] [37m›[39m [1mCompiling[22m [36mexpo-dev-launcher[39m Pods/expo-dev-launcher » expo-dev-launcher-dummy.m
[RUN_FASTLANE] [37m›[39m [1mCompiling[22m [36mexpo-dev-launcher[39m Pods/expo-dev-launcher » EXDevLauncherUpdatesHelper.m
[RUN_FASTLANE] [37m›[39m [1mCompiling[22m [36mexpo-dev-launcher[39m Pods/expo-dev-launcher » EXDevLauncherController.m
[RUN_FASTLANE] [37m›[39m [1mCompiling[22m [36mexpo-dev-launcher[39m Pods/expo-dev-launcher » EXDevLauncher.m
[RUN_FASTLANE] [37m›[39m [1mCompiling[22m [36mexpo-dev-launcher[39m Pods/expo-dev-launcher » EXDevLauncherRedBox.m
[RUN_FASTLANE] [37m›[39m [1mCompiling[22m [36mexpo-dev-launcher[39m Pods/expo-dev-launcher » EXDevLauncherManifestParser.m
[RUN_FASTLANE] [37m›[39m [1mPackaging[22m [36mexpo-dev-launcher[39m Pods/expo-dev-launcher » libexpo-dev-launcher.a
[RUN_FASTLANE] [37m›[39m [1mExecuting[22m [36mexpo-dev-launcher[39m Pods/expo-dev-launcher » Copy generated compatibility header
[RUN_FASTLANE] [37m›[39m [1mCompiling[22m Pods/Pods-triplot » Pods-triplot-dummy.m
[RUN_FASTLANE] [37m›[39m [1mPackaging[22m Pods/Pods-triplot » libPods-triplot.a
[RUN_FASTLANE] [37m›[39m [1mExecuting[22m triplot » [CP] Check Pods Manifest.lock
[RUN_FASTLANE] [37m›[39m [1mExecuting[22m triplot » [Expo] Configure project
[RUN_FASTLANE] [37m›[39m [1mCopying  [22m ios/build/Build/Intermediates.noindex/ArchiveIntermediates/triplot/InstallationBuildProductsLocation/Applications/triplot.app/PrivacyInfo.xcprivacy ➜ [2m../../../../../../var/folders/p9/98ld1dhj4szctyjcfk4s3khh0000gn/T/eas-build-local-nodejs/05259402-59fe-4257-ba62-2b703e4f9a92/build/apps/mobile/ios/triplot/[22mPrivacyInfo.xcprivacy
[RUN_FASTLANE] [37m›[39m [1mCopying  [22m ios/triplot/Supporting/Expo.plist ➜ [2m./[22mExpo.plist
[RUN_FASTLANE] [37m›[39m [1mCompiling[22m triplot » SplashScreen.storyboard
[RUN_FASTLANE] [37m›[39m [1mPreparing[22m triplot » Info.plist
[RUN_FASTLANE] [37m›[39m [1mCompiling[22m triplot » triplot_vers.c
[RUN_FASTLANE] [37m›[39m [1mLinking  [22m triplot » triplot
[RUN_FASTLANE] [37m›[39m [1mExecuting[22m triplot » Bundle React Native code and images
[RUN_FASTLANE] ⚠️  ignoring duplicate libraries: '-lc++'
   [90m└─/var/folders/p9/98ld1dhj4szctyjcfk4s3khh0000gn/T/eas-build-local-nodejs/05259402-59fe-4257-ba62-2b703e4f9a92/build/apps/mobile/ios/triplot.xcodeproj: triplot: ld[39m
[RUN_FASTLANE] [37m›[39m [1mGenerating debug[22m triplot » triplot.app.dSYM
[RUN_FASTLANE] [37m›[39m [1mExecuting[22m triplot » [CP] Copy Pods Resources
[RUN_FASTLANE] [37m›[39m [1mExecuting[22m triplot » [Expo Dev Launcher] Strip Local Network Keys for Release
[RUN_FASTLANE] [37m›[39m [1mExecuting[22m triplot » [CP] Embed Pods Frameworks
[RUN_FASTLANE] [37m›[39m [1mSigning  [22m triplot » triplot.app
[RUN_FASTLANE] [37m›[39m [1mCreating [22m triplot » triplot.app
[RUN_FASTLANE] ⚠️  [33mScript has ambiguous dependencies causing it to run on every build.[39m
   [90mTo fix, go to: Xcode » triplot/triplot » Build Phases » '[Expo Dev Launcher] Strip Local Network Keys for Release'[39m
   [90mEither: Uncheck "Based on dependency analysis", or select output files to trigger the script[39m

[RUN_FASTLANE] [37m›[39m [1mArchive[22m Succeeded
[RUN_FASTLANE] Generated plist file with the following values:
[RUN_FASTLANE] ▸ -----------------------------------------
[RUN_FASTLANE] ▸ {
[RUN_FASTLANE] ▸   "method": "app-store",
[RUN_FASTLANE] ▸   "provisioningProfiles": {
[RUN_FASTLANE] ▸     "app.triplot.mobile": "3d3252b2-95ff-41c0-b459-65efdd046d45"
[RUN_FASTLANE] ▸   },
[RUN_FASTLANE] ▸   "signingStyle": "manual"
[RUN_FASTLANE] ▸ }
[RUN_FASTLANE] ▸ -----------------------------------------
[RUN_FASTLANE] $ /usr/bin/xcrun /opt/homebrew/Cellar/fastlane/2.237.0/libexec/gems/fastlane-2.237.0/gym/lib/assets/wrap_xcodebuild/xcbuild-safe.sh -exportArchive -exportOptionsPlist '/var/folders/p9/98ld1dhj4szctyjcfk4s3khh0000gn/T/gym_config20260911-9445-gdy1j1.plist' -archivePath /Users/shidetake/Library/Developer/Xcode/Archives/2026-09-11/triplot\ 2026-09-11\ 00.38.16.xcarchive -exportPath '/var/folders/p9/98ld1dhj4szctyjcfk4s3khh0000gn/T/gym_output20260911-9445-apzua9' OTHER_CODE_SIGN_FLAGS="--keychain /var/folders/p9/98ld1dhj4szctyjcfk4s3khh0000gn/T/eas-build-e770c92c-af4c-401b-8772-9412552e3167.keychain"
[RUN_FASTLANE] Compressing 8 dSYM(s)
[RUN_FASTLANE] $ cd '/Users/shidetake/Library/Developer/Xcode/Archives/2026-09-11/triplot 2026-09-11 00.38.16.xcarchive/dSYMs' && zip -r '/private/var/folders/p9/98ld1dhj4szctyjcfk4s3khh0000gn/T/eas-build-local-nodejs/05259402-59fe-4257-ba62-2b703e4f9a92/build/apps/mobile/ios/build/triplot.app.dSYM.zip' *.dSYM
[RUN_FASTLANE] ▸   adding: ExpoFileSystem.framework.dSYM/ (stored 0%)
[RUN_FASTLANE] ▸   adding: ExpoFileSystem.framework.dSYM/Contents/ (stored 0%)
[RUN_FASTLANE] ▸   adding: ExpoFileSystem.framework.dSYM/Contents/Resources/ (stored 0%)
[RUN_FASTLANE] ▸   adding: ExpoFileSystem.framework.dSYM/Contents/Resources/Relocations/ (stored 0%)
[RUN_FASTLANE] ▸   adding: ExpoFileSystem.framework.dSYM/Contents/Resources/Relocations/aarch64/ (stored 0%)
[RUN_FASTLANE] ▸   adding: ExpoFileSystem.framework.dSYM/Contents/Resources/Relocations/aarch64/ExpoFileSystem.yml (deflated 87%)
[RUN_FASTLANE] ▸   adding: ExpoFileSystem.framework.dSYM/Contents/Resources/DWARF/ (stored 0%)
[RUN_FASTLANE] ▸   adding: ExpoFileSystem.framework.dSYM/Contents/Resources/DWARF/ExpoFileSystem (deflated 71%)
[RUN_FASTLANE] ▸   adding: ExpoFileSystem.framework.dSYM/Contents/Resources/Swift/ (stored 0%)
[RUN_FASTLANE] ▸   adding: ExpoFileSystem.framework.dSYM/Contents/Resources/Swift/aarch64/ (stored 0%)
[RUN_FASTLANE] ▸   adding: ExpoFileSystem.framework.dSYM/Contents/Info.plist (deflated 52%)
[RUN_FASTLANE] ▸   adding: ExpoFont.framework.dSYM/ (stored 0%)
[RUN_FASTLANE] ▸   adding: ExpoFont.framework.dSYM/Contents/ (stored 0%)
[RUN_FASTLANE] ▸   adding: ExpoFont.framework.dSYM/Contents/Resources/ (stored 0%)
[RUN_FASTLANE] ▸   adding: ExpoFont.framework.dSYM/Contents/Resources/Relocations/ (stored 0%)
[RUN_FASTLANE] ▸   adding: ExpoFont.framework.dSYM/Contents/Resources/Relocations/aarch64/ (stored 0%)
[RUN_FASTLANE] ▸   adding: ExpoFont.framework.dSYM/Contents/Resources/Relocations/aarch64/ExpoFont.yml (deflated 83%)
[RUN_FASTLANE] ▸   adding: ExpoFont.framework.dSYM/Contents/Resources/DWARF/ (stored 0%)
[RUN_FASTLANE] ▸   adding: ExpoFont.framework.dSYM/Contents/Resources/DWARF/ExpoFont (deflated 65%)
[RUN_FASTLANE] ▸   adding: ExpoFont.framework.dSYM/Contents/Resources/Swift/ (stored 0%)
[RUN_FASTLANE] ▸   adding: ExpoFont.framework.dSYM/Contents/Resources/Swift/aarch64/ (stored 0%)
[RUN_FASTLANE] ▸   adding: ExpoFont.framework.dSYM/Contents/Info.plist (deflated 52%)
[RUN_FASTLANE] ▸   adding: ExpoLocation.framework.dSYM/ (stored 0%)
[RUN_FASTLANE] ▸   adding: ExpoLocation.framework.dSYM/Contents/ (stored 0%)
[RUN_FASTLANE] ▸   adding: ExpoLocation.framework.dSYM/Contents/Resources/ (stored 0%)
[RUN_FASTLANE] ▸   adding: ExpoLocation.framework.dSYM/Contents/Resources/Relocations/ (stored 0%)
[RUN_FASTLANE] ▸   adding: ExpoLocation.framework.dSYM/Contents/Resources/Relocations/aarch64/ (stored 0%)
[RUN_FASTLANE] ▸   adding: ExpoLocation.framework.dSYM/Contents/Resources/Relocations/aarch64/ExpoLocation.yml (deflated 87%)
[RUN_FASTLANE] ▸   adding: ExpoLocation.framework.dSYM/Contents/Resources/DWARF/ (stored 0%)
[RUN_FASTLANE] ▸   adding: ExpoLocation.framework.dSYM/Contents/Resources/DWARF/ExpoLocation (deflated 68%)
[RUN_FASTLANE] ▸   adding: ExpoLocation.framework.dSYM/Contents/Resources/Swift/ (stored 0%)
[RUN_FASTLANE] ▸   adding: ExpoLocation.framework.dSYM/Contents/Resources/Swift/aarch64/ (stored 0%)
[RUN_FASTLANE] ▸   adding: ExpoLocation.framework.dSYM/Contents/Info.plist (deflated 53%)
[RUN_FASTLANE] ▸   adding: ExpoModulesCore.framework.dSYM/ (stored 0%)
[RUN_FASTLANE] ▸   adding: ExpoModulesCore.framework.dSYM/Contents/ (stored 0%)
[RUN_FASTLANE] ▸   adding: ExpoModulesCore.framework.dSYM/Contents/Resources/ (stored 0%)
[RUN_FASTLANE] ▸   adding: ExpoModulesCore.framework.dSYM/Contents/Resources/Relocations/ (stored 0%)
[RUN_FASTLANE] ▸   adding: ExpoModulesCore.framework.dSYM/Contents/Resources/Relocations/aarch64/ (stored 0%)
[RUN_FASTLANE] ▸   adding: ExpoModulesCore.framework.dSYM/Contents/Resources/Relocations/aarch64/ExpoModulesCore.yml (deflated 88%)
[RUN_FASTLANE] ▸   adding: ExpoModulesCore.framework.dSYM/Contents/Resources/DWARF/ (stored 0%)
[RUN_FASTLANE] ▸   adding: ExpoModulesCore.framework.dSYM/Contents/Resources/DWARF/ExpoModulesCore (deflated 73%)
[RUN_FASTLANE] ▸   adding: ExpoModulesCore.framework.dSYM/Contents/Info.plist (deflated 52%)
[RUN_FASTLANE] ▸   adding: ExpoModulesJSI.framework.dSYM/ (stored 0%)
[RUN_FASTLANE] ▸   adding: ExpoModulesJSI.framework.dSYM/Contents/ (stored 0%)
[RUN_FASTLANE] ▸   adding: ExpoModulesJSI.framework.dSYM/Contents/Resources/ (stored 0%)
[RUN_FASTLANE] ▸   adding: ExpoModulesJSI.framework.dSYM/Contents/Resources/Relocations/ (stored 0%)
[RUN_FASTLANE] ▸   adding: ExpoModulesJSI.framework.dSYM/Contents/Resources/Relocations/aarch64/ (stored 0%)
[RUN_FASTLANE] ▸   adding: ExpoModulesJSI.framework.dSYM/Contents/Resources/Relocations/aarch64/ExpoModulesJSI.yml (deflated 87%)
[RUN_FASTLANE] ▸   adding: ExpoModulesJSI.framework.dSYM/Contents/Resources/DWARF/ (stored 0%)
[RUN_FASTLANE] ▸   adding: ExpoModulesJSI.framework.dSYM/Contents/Resources/DWARF/ExpoModulesJSI (deflated 72%)
[RUN_FASTLANE] ▸   adding: ExpoModulesJSI.framework.dSYM/Contents/Info.plist (deflated 52%)
[RUN_FASTLANE] ▸   adding: ExpoModulesWorklets.framework.dSYM/ (stored 0%)
[RUN_FASTLANE] ▸   adding: ExpoModulesWorklets.framework.dSYM/Contents/ (stored 0%)
[RUN_FASTLANE] ▸   adding: ExpoModulesWorklets.framework.dSYM/Contents/Resources/ (stored 0%)
[RUN_FASTLANE] ▸   adding: ExpoModulesWorklets.framework.dSYM/Contents/Resources/Relocations/ (stored 0%)
[RUN_FASTLANE] ▸   adding: ExpoModulesWorklets.framework.dSYM/Contents/Resources/Relocations/aarch64/ (stored 0%)
[RUN_FASTLANE] ▸   adding: ExpoModulesWorklets.framework.dSYM/Contents/Resources/Relocations/aarch64/ExpoModulesWorklets.yml (deflated 86%)
[RUN_FASTLANE] ▸   adding: ExpoModulesWorklets.framework.dSYM/Contents/Resources/DWARF/ (stored 0%)
[RUN_FASTLANE] ▸   adding: ExpoModulesWorklets.framework.dSYM/Contents/Resources/DWARF/ExpoModulesWorklets (deflated 65%)
[RUN_FASTLANE] ▸   adding: ExpoModulesWorklets.framework.dSYM/Contents/Resources/Swift/ (stored 0%)
[RUN_FASTLANE] ▸   adding: ExpoModulesWorklets.framework.dSYM/Contents/Resources/Swift/aarch64/ (stored 0%)
[RUN_FASTLANE] ▸   adding: ExpoModulesWorklets.framework.dSYM/Contents/Info.plist (deflated 52%)
[RUN_FASTLANE] ▸   adding: SDWebImageWebPCoder.framework.dSYM/ (stored 0%)
[RUN_FASTLANE] ▸   adding: SDWebImageWebPCoder.framework.dSYM/Contents/ (stored 0%)
[RUN_FASTLANE] ▸   adding: SDWebImageWebPCoder.framework.dSYM/Contents/Resources/ (stored 0%)
[RUN_FASTLANE] ▸   adding: SDWebImageWebPCoder.framework.dSYM/Contents/Resources/Relocations/ (stored 0%)
[RUN_FASTLANE] ▸   adding: SDWebImageWebPCoder.framework.dSYM/Contents/Resources/Relocations/aarch64/ (stored 0%)
[RUN_FASTLANE] ▸   adding: SDWebImageWebPCoder.framework.dSYM/Contents/Resources/Relocations/aarch64/SDWebImageWebPCoder.yml (deflated 86%)
[RUN_FASTLANE] ▸   adding: SDWebImageWebPCoder.framework.dSYM/Contents/Resources/DWARF/ (stored 0%)
[RUN_FASTLANE] ▸   adding: SDWebImageWebPCoder.framework.dSYM/Contents/Resources/DWARF/SDWebImageWebPCoder (deflated 65%)
[RUN_FASTLANE] ▸   adding: SDWebImageWebPCoder.framework.dSYM/Contents/Info.plist (deflated 52%)
[RUN_FASTLANE] ▸   adding: triplot.app.dSYM/ (stored 0%)
[RUN_FASTLANE] ▸   adding: triplot.app.dSYM/Contents/ (stored 0%)
[RUN_FASTLANE] ▸   adding: triplot.app.dSYM/Contents/Resources/ (stored 0%)
[RUN_FASTLANE] ▸   adding: triplot.app.dSYM/Contents/Resources/Relocations/ (stored 0%)
[RUN_FASTLANE] ▸   adding: triplot.app.dSYM/Contents/Resources/Relocations/aarch64/ (stored 0%)
[RUN_FASTLANE] ▸   adding: triplot.app.dSYM/Contents/Resources/Relocations/aarch64/triplot.yml (deflated 90%)
[RUN_FASTLANE] ▸   adding: triplot.app.dSYM/Contents/Resources/DWARF/ (stored 0%)
[RUN_FASTLANE] ▸   adding: triplot.app.dSYM/Contents/Resources/DWARF/triplot (deflated 73%)
[RUN_FASTLANE] ▸   adding: triplot.app.dSYM/Contents/Resources/Swift/ (stored 0%)
[RUN_FASTLANE] ▸   adding: triplot.app.dSYM/Contents/Resources/Swift/aarch64/ (stored 0%)
[RUN_FASTLANE] ▸   adding: triplot.app.dSYM/Contents/Resources/Swift/aarch64/ExpoLocation.swiftinterface (deflated 54%)
[RUN_FASTLANE] ▸   adding: triplot.app.dSYM/Contents/Resources/Swift/aarch64/ExpoFileSystem.swiftinterface (deflated 64%)
[RUN_FASTLANE] ▸   adding: triplot.app.dSYM/Contents/Resources/Swift/aarch64/ExpoFont.swiftinterface (deflated 58%)
[RUN_FASTLANE] ▸   adding: triplot.app.dSYM/Contents/Resources/Swift/aarch64/ExpoImageManipulator.swiftinterface (deflated 52%)
[RUN_FASTLANE] ▸   adding: triplot.app.dSYM/Contents/Resources/Swift/aarch64/ExpoModulesCore.swiftinterface (deflated 87%)
[RUN_FASTLANE] ▸   adding: triplot.app.dSYM/Contents/Resources/Swift/aarch64/ExpoModulesWorklets.swiftinterface (deflated 66%)
[RUN_FASTLANE] ▸   adding: triplot.app.dSYM/Contents/Info.plist (deflated 52%)
[RUN_FASTLANE] 
[RUN_FASTLANE] Successfully exported and compressed dSYM file
[RUN_FASTLANE] Successfully exported and signed the ipa file:
[RUN_FASTLANE] /private/var/folders/p9/98ld1dhj4szctyjcfk4s3khh0000gn/T/eas-build-local-nodejs/05259402-59fe-4257-ba62-2b703e4f9a92/build/apps/mobile/ios/build/triplot.ipa
[CLEAN_UP_CREDENTIALS] Destroying keychain - /var/folders/p9/98ld1dhj4szctyjcfk4s3khh0000gn/T/eas-build-e770c92c-af4c-401b-8772-9412552e3167.keychain
[CLEAN_UP_CREDENTIALS] Removing provisioning profile
[PARSE_XCACTIVITYLOG] Local builds skip build performance analysis.
[UPLOAD_APPLICATION_ARCHIVE] Application archives:
[UPLOAD_APPLICATION_ARCHIVE]   - /var/folders/p9/98ld1dhj4szctyjcfk4s3khh0000gn/T/eas-build-local-nodejs/05259402-59fe-4257-ba62-2b703e4f9a92/build/apps/mobile/ios/build/triplot.ipa (25.9 MB)
[UPLOAD_APPLICATION_ARCHIVE] Uploading application archive...
[PREPARE_ARTIFACTS] Preparing artifacts
[PREPARE_ARTIFACTS] Writing artifacts to /Users/shidetake/git/triplot/apps/mobile/build-1789054879548.ipa
[SAVE_CACHE] Local builds do not support saving cache.

[32mBuild successful[39m
[32mYou can find the build artifacts in /Users/shidetake/git/triplot/apps/mobile/build-1789054879548.ipa[39m
